driverIdErgast,driverId,code,givenName,familyName,dateOfBirth,nationality,url
750.0,brudes,,Adolf,Brudes,1899-10-15,German,http://en.wikipedia.org/wiki/Adolf_Brudes
698.0,cruz,,Adolfo,Cruz,1923-06-28,Argentine,http://en.wikipedia.org/wiki/Adolfo_Schewelm_Cruz
16.0,sutil,SUT,Adrian,Sutil,1983-01-11,German,http://en.wikipedia.org/wiki/Adrian_Sutil
167.0,campos,,Adrián,Campos,1960-06-17,Spanish,http://en.wikipedia.org/wiki/Adri%C3%A1n_Campos
88.0,suzuki,,Aguri,Suzuki,1960-09-08,Japanese,http://en.wikipedia.org/wiki/Aguri_Suzuki
538.0,herman,,Al,Herman,1927-03-15,American,http://en.wikipedia.org/wiki/Al_Herman
558.0,keller,,Al,Keller,1920-04-11,American,http://en.wikipedia.org/wiki/Al_Keller
371.0,pease,,Al,Pease,1921-10-15,Canadian,http://en.wikipedia.org/wiki/Al_Pease
117.0,prost,,Alain,Prost,1955-02-24,French,http://en.wikipedia.org/wiki/Alain_Prost
550.0,Changy,,Alain,de Changy,1922-02-05,Belgian,http://en.wikipedia.org/wiki/Alain_de_Changy
689.0,alan_brown,,Alan,Brown,1919-11-20,British,http://en.wikipedia.org/wiki/Alan_Brown_(racing_driver)
178.0,jones,,Alan,Jones,1946-11-02,Australian,http://en.wikipedia.org/wiki/Alan_Jones_(Formula_1)
390.0,rees,,Alan,Rees,1938-01-12,British,http://en.wikipedia.org/wiki/Alan_Rees_(racing_driver)
421.0,rollinson,,Alan,Rollinson,1943-05-15,British,http://en.wikipedia.org/wiki/Alan_Rollinson
502.0,stacey,,Alan,Stacey,1933-08-29,British,http://en.wikipedia.org/wiki/Alan_Stacey
719.0,scherrer,,Albert,Scherrer,1908-02-28,Swiss,http://en.wikipedia.org/wiki/Albert_Scherrer
647.0,ascari,,Alberto,Ascari,1918-07-13,Italian,http://en.wikipedia.org/wiki/Alberto_Ascari
244.0,colombo,,Alberto,Colombo,1946-02-23,Italian,http://en.wikipedia.org/wiki/Alberto_Colombo
761.0,crespo,,Alberto,Crespo,1920-01-16,Argentine,http://en.wikipedia.org/wiki/Alberto_Crespo
497.0,larreta,,Alberto Rodriguez,Larreta,1934-01-14,Argentine,http://en.wikipedia.org/wiki/Alberto_Rodriguez_Larreta
623.0,uria,,Alberto,Uria,1924-07-11,Uruguayan,http://en.wikipedia.org/wiki/Alberto_Uria
775.0,gordini,,Aldo,Gordini,1921-05-20,French,http://en.wikipedia.org/wiki/Aldo_Gordini
145.0,nannini,,Alessandro,Nannini,1959-07-07,Italian,http://en.wikipedia.org/wiki/Alessandro_Nannini
284.0,pesenti_rossi,,Alessandro,Pesenti-Rossi,1942-08-31,Italian,http://en.wikipedia.org/wiki/Alessandro_Pesenti-Rossi
70.0,zanardi,,Alessandro,Zanardi,1966-10-23,Italian,http://en.wikipedia.org/wiki/Alex_Zanardi
573.0,tomaso,,Alessandro,de Tomaso,1928-07-10,Argentine,http://en.wikipedia.org/wiki/Alessandro_de_Tomaso
417.0,blignaut,,Alex,Blignaut,1932-11-30,South African,http://en.wikipedia.org/wiki/Alex_Blignaut
133.0,caffi,,Alex,Caffi,1964-03-18,Italian,http://en.wikipedia.org/wiki/Alex_Caffi
237.0,ribeiro,,Alex,Ribeiro,1948-11-07,Brazilian,http://en.wikipedia.org/wiki/Alex_Ribeiro
339.0,roig,,Alex,Soler-Roig,1932-10-29,Spanish,http://en.wikipedia.org/wiki/Alex_Soler-Roig
62.0,yoong,,Alex,Yoong,1976-07-20,Malaysian,http://en.wikipedia.org/wiki/Alex_Yoong
848.0,albon,ALB,Alexander,Albon,1996-03-23,Thai,http://en.wikipedia.org/wiki/Alexander_Albon
834.0,rossi,RSS,Alexander,Rossi,1991-09-25,American,http://en.wikipedia.org/wiki/Alexander_Rossi_%28racing_driver%29
25.0,wurz,WUR,Alexander,Wurz,1974-02-15,Austrian,http://en.wikipedia.org/wiki/Alexander_Wurz
491.0,thiele,,Alfonso,Thiele,1920-04-05,Italian,http://en.wikipedia.org/wiki/Alfonso_Thiele
606.0,portago,,Alfonso,de Portago,1928-10-11,Spanish,http://en.wikipedia.org/wiki/Alfonso_de_Portago
792.0,pian,,Alfredo,Pián,1912-10-21,Argentine,http://en.wikipedia.org/wiki/Alfredo_Pi%C3%A0n
66.0,mcnish,,Allan,McNish,1969-12-29,British,http://en.wikipedia.org/wiki/Allan_McNish
180.0,berg,,Allen,Berg,1961-08-01,Canadian,http://en.wikipedia.org/wiki/Allen_Berg
130.0,chiesa,,Andrea,Chiesa,1964-05-06,Swiss,http://en.wikipedia.org/wiki/Andrea_Chiesa
,antonelli,ANT,Andrea Kimi,Antonelli,2006-08-25,Italian,https://en.wikipedia.org/wiki/Andrea_Kimi_Antonelli
85.0,montermini,,Andrea,Montermini,1964-05-30,Italian,http://en.wikipedia.org/wiki/Andrea_Montermini
333.0,adamich,,Andrea,de Adamich,1941-10-03,Italian,http://en.wikipedia.org/wiki/Andrea_de_Adamich
110.0,cesaris,,Andrea,de Cesaris,1959-05-31,Italian,http://en.wikipedia.org/wiki/Andrea_de_Cesaris
603.0,guelfi,,André,Guelfi,1919-05-06,French,http://en.wikipedia.org/wiki/Andr%C3%A9_Guelfi
827.0,lotterer,LOT,André,Lotterer,1981-11-19,German,http://en.wikipedia.org/wiki/Andr%C3%A9_Lotterer
639.0,milhoux,,André,Milhoux,1928-12-09,Belgian,http://en.wikipedia.org/wiki/Andr%C3%A9_Milhoux
429.0,andre_pilette,,André,Pilette,1918-10-06,Belgian,http://en.wikipedia.org/wiki/Andr%C3%A9_Pilette
609.0,simon,,André,Simon,1920-01-05,French,http://en.wikipedia.org/wiki/Andr%C3%A9_Simon_(racing_driver)
553.0,testut,,André,Testut,1926-04-13,Monegasque,http://en.wikipedia.org/wiki/Andr%C3%A9_Testut
612.0,linden,,Andy,Linden,1922-04-05,American,http://en.wikipedia.org/wiki/Andy_Linden_(racing_driver)
264.0,sutcliffe,,Andy,Sutcliffe,1947-05-09,British,http://en.wikipedia.org/wiki/Andy_Sutcliffe
19.0,davidson,DAV,Anthony,Davidson,1979-04-18,British,http://en.wikipedia.org/wiki/Anthony_Davidson
531.0,foyt,,Anthony,Foyt,1935-01-16,American,http://en.wikipedia.org/wiki/A.J._Foyt
504.0,creus,,Antonio,Creus,1924-10-28,Spanish,http://en.wikipedia.org/wiki/Antonio_Creus
841.0,giovinazzi,GIO,Antonio,Giovinazzi,1993-12-14,Italian,http://en.wikipedia.org/wiki/Antonio_Giovinazzi
42.0,pizzonia,PIZ,Antônio,Pizzonia,1980-09-11,Brazilian,http://en.wikipedia.org/wiki/Ant%C3%B4nio_Pizzonia
637.0,scott_Brown,,Archie,Scott Brown,1927-05-13,British,http://en.wikipedia.org/wiki/Archie_Scott_Brown
599.0,bisch,,Art,Bisch,1926-11-10,American,http://en.wikipedia.org/wiki/Art_Bisch
656.0,cross,,Art,Cross,1918-01-24,American,http://en.wikipedia.org/wiki/Art_Cross
703.0,legat,,Arthur,Legat,1898-11-01,Belgian,http://en.wikipedia.org/wiki/Arthur_Legat
546.0,owen,,Arthur,Owen,1915-03-23,British,http://en.wikipedia.org/wiki/Arthur_Owen
232.0,merzario,,Arturo,Merzario,1943-03-11,Italian,http://en.wikipedia.org/wiki/Arturo_Merzario
102.0,senna,,Ayrton,Senna,1960-03-21,Brazilian,http://en.wikipedia.org/wiki/Ayrton_Senna
568.0,fontes,,Azdrubal,Fontes,1922-12-26,Uruguayan,http://en.wikipedia.org/wiki/Azdrubal_Fontes
369.0,rooyen,,Basil,van Rooyen,1939-04-19,South African,http://en.wikipedia.org/wiki/Basil_van_Rooyen
798.0,levrett,,Bayliss,Levrett,1914-02-14,American,http://en.wikipedia.org/wiki/Bayliss_Levrett
457.0,pon,,Ben,Pon,1936-12-09,Dutch,http://en.wikipedia.org/wiki/Ben_Pon
213.0,gabbiani,,Beppe,Gabbiani,1957-01-02,Italian,http://en.wikipedia.org/wiki/Beppe_Gabbiani
428.0,collomb,,Bernard,Collomb,1930-10-07,French,http://en.wikipedia.org/wiki/Bernard_Collomb
261.0,dryver,,Bernard,de Dryver,1952-09-19,Belgian,http://en.wikipedia.org/wiki/Bernard_de_Dryver
146.0,schneider,,Bernd,Schneider,1964-07-20,German,http://en.wikipedia.org/wiki/Bernd_Schneider_(racecar_driver)
587.0,ecclestone,,Bernie,Ecclestone,1930-10-28,British,http://en.wikipedia.org/wiki/Bernie_Ecclestone
318.0,roos,,Bertil,Roos,1943-10-12,Swedish,http://en.wikipedia.org/wiki/Bertil_Roos
92.0,gachot,,Bertrand,Gachot,1962-12-23,Belgian,http://en.wikipedia.org/wiki/Bertrand_Gachot
749.0,aston,,Bill,Aston,1900-03-29,British,http://en.wikipedia.org/wiki/Bill_Aston
343.0,brack,,Bill,Brack,1935-12-26,Canadian,http://en.wikipedia.org/wiki/Bill_Brack
803.0,cantrell,,Bill,Cantrell,1908-01-31,American,http://en.wikipedia.org/wiki/William_Cantrell
560.0,cheesbourg,,Bill,Cheesbourg,1927-06-12,American,http://en.wikipedia.org/wiki/Bill_Cheesbourg
701.0,holland,,Bill,Holland,1907-12-18,American,http://en.wikipedia.org/wiki/Bill_Holland
519.0,homeier,,Bill,Homeier,1918-08-31,American,http://en.wikipedia.org/wiki/Bill_Homeier
769.0,mackey,,Bill,Mackey,1927-12-15,American,http://en.wikipedia.org/wiki/Bill_Mackey
570.0,bill_moss,,Bill,Moss,1933-09-04,British,http://en.wikipedia.org/wiki/Bill_Moss_(racing_driver)
729.0,schindler,,Bill,Schindler,1909-03-06,American,http://en.wikipedia.org/wiki/Bill_Schindler
657.0,vukovich,,Bill,Vukovich,1918-12-13,American,http://en.wikipedia.org/wiki/Bill_Vukovich
684.0,whitehouse,,Bill,Whitehouse,1909-04-01,British,http://en.wikipedia.org/wiki/Bill_Whitehouse
595.0,garrett,,Billy,Garrett,1933-04-24,American,http://en.wikipedia.org/wiki/Billy_Garrett
383.0,anderson,,Bob,Anderson,1931-05-19,British,http://en.wikipedia.org/wiki/Bob_Anderson_(racing_driver)
396.0,bondurant,,Bob,Bondurant,1933-04-27,American,http://en.wikipedia.org/wiki/Bob_Bondurant
516.0,christie,,Bob,Christie,1924-04-04,American,http://en.wikipedia.org/wiki/Bob_Christie_(racing_driver)
548.0,drake,,Bob,Drake,1919-12-14,American,http://en.wikipedia.org/wiki/Bob_Drake_(Formula_One)
276.0,evans,,Bob,Evans,1947-06-11,British,http://en.wikipedia.org/wiki/Bob_Evans_(race_driver)
619.0,gerard,,Bob,Gerard,1914-01-19,British,http://en.wikipedia.org/wiki/Bob_Gerard
575.0,said,,Bob,Said,1932-05-05,American,http://en.wikipedia.org/wiki/Bob_Said
702.0,bob_scott,,Bob,Scott,1928-10-04,American,http://en.wikipedia.org/wiki/Bob_Scott_(auto_racer)
628.0,sweikert,,Bob,Sweikert,1926-05-20,American,http://en.wikipedia.org/wiki/Bob_Sweikert
514.0,veith,,Bob,Veith,1926-11-01,American,http://en.wikipedia.org/wiki/Bob_Veith
734.0,ball,,Bobby,Ball,1925-08-26,American,http://en.wikipedia.org/wiki/Bobby_Ball_(auto_racer)
522.0,grim,,Bobby,Grim,1924-09-04,American,http://en.wikipedia.org/wiki/Bobby_Grim
249.0,rahal,,Bobby,Rahal,1953-01-10,American,http://en.wikipedia.org/wiki/Bobby_Rahal
381.0,unser,,Bobby,Unser,1934-02-20,American,http://en.wikipedia.org/wiki/Bobby_Unser
257.0,hayje,,Boy,Lunger,1949-05-03,Dutch,http://en.wikipedia.org/wiki/Boy_Hayje
412.0,niemann,,Brausch,Niemann,1939-01-07,South African,http://en.wikipedia.org/wiki/Brausch_Niemann
843.0,brendon_hartley,HAR,Brendon,Hartley,1989-11-10,New Zealander,http://en.wikipedia.org/wiki/Brendon_Hartley
239.0,lunger,,Brett,Lunger,1945-11-14,American,http://en.wikipedia.org/wiki/Brett_Lunger
422.0,gubby,,Brian,Gubby,1934-04-17,British,http://en.wikipedia.org/wiki/Brian_Gubby
391.0,hart,,Brian,Hart,1936-09-07,British,http://en.wikipedia.org/wiki/Brian_Hart
205.0,henton,,Brian,Henton,1946-09-19,British,http://en.wikipedia.org/wiki/Brian_Henton
266.0,mcguire,,Brian,McGuire,1945-12-13,Australian,http://en.wikipedia.org/wiki/Brian_McGuire
484.0,naylor,,Brian,Naylor,1923-03-24,British,http://en.wikipedia.org/wiki/Brian_Naylor
312.0,redman,,Brian,Redman,1937-03-09,British,http://en.wikipedia.org/wiki/Brian_Redman
778.0,shawe_taylor,,Brian,Shawe Taylor,1915-01-28,British,http://en.wikipedia.org/wiki/Brian_Shawe_Taylor
506.0,halford,,Bruce,Halford,1931-05-18,British,http://en.wikipedia.org/wiki/Bruce_Halford
471.0,johnstone,,Bruce,Johnstone,1937-01-30,South African,http://en.wikipedia.org/wiki/Bruce_Johnstone_(racing_driver)
584.0,kessler,,Bruce,Kessler,1936-03-23,American,http://en.wikipedia.org/wiki/Bruce_Kessler
360.0,mclaren,,Bruce,McLaren,1937-08-30,New Zealander,http://en.wikipedia.org/wiki/Bruce_McLaren
152.0,giacomelli,,Bruno,Giacomelli,1952-09-10,Italian,http://en.wikipedia.org/wiki/Bruno_Giacomelli
811.0,bruno_senna,SEN,Bruno,Senna,1983-10-15,Brazilian,http://en.wikipedia.org/wiki/Bruno_Senna
515.0,tingelstad,,Bud,Tingelstad,1928-04-04,American,http://en.wikipedia.org/wiki/Bud_Tingelstad
655.0,niday,,Cal,Niday,1914-04-29,American,http://en.wikipedia.org/wiki/Cal_Niday
430.0,beaufort,,Carel Godin,de Beaufort,1934-04-10,Dutch,http://en.wikipedia.org/wiki/Carel_Godin_de_Beaufort
767.0,forberg,,Carl,Forberg,1911-03-04,American,http://en.wikipedia.org/wiki/Carl_Forberg
700.0,scarborough,,Carl,Scarborough,1914-07-03,American,http://en.wikipedia.org/wiki/Carl_Scarborough
446.0,abate,,Carlo,Abate,1932-07-10,Italian,http://en.wikipedia.org/wiki/Carlo_Mario_Abate
325.0,facetti,,Carlo,Facetti,1935-06-26,Italian,http://en.wikipedia.org/wiki/Carlo_Facetti
248.0,gimax,,Carlo,Franchi,1938-01-01,Italian,http://en.wikipedia.org/wiki/Gimax
496.0,menditeguy,,Carlos,Menditeguy,1914-08-10,Argentine,http://en.wikipedia.org/wiki/Carlos_Menditeguy
250.0,pace,,Carlos,Pace,1944-10-06,Brazilian,http://en.wikipedia.org/wiki/Carlos_Pace
199.0,reutemann,,Carlos,Reutemann,1942-04-12,Argentine,http://en.wikipedia.org/wiki/Carlos_Reutemann
832.0,sainz,SAI,Carlos,Sainz,1994-09-01,Spanish,http://en.wikipedia.org/wiki/Carlos_Sainz_Jr.
566.0,shelby,,Carroll,Shelby,1923-01-11,American,http://en.wikipedia.org/wiki/Carroll_Shelby
770.0,green,,Cecil,Green,1919-09-30,American,http://en.wikipedia.org/wiki/Cecil_Green
607.0,perdisa,,Cesare,Perdisa,1932-10-21,Italian,http://en.wikipedia.org/wiki/Cesare_Perdisa
844.0,leclerc,LEC,Charles,Leclerc,1997-10-16,Monegasque,http://en.wikipedia.org/wiki/Charles_Leclerc
819.0,pic,PIC,Charles,Pic,1990-02-15,French,http://en.wikipedia.org/wiki/Charles_Pic
801.0,pozzi,,Charles,Pozzi,1909-08-27,French,http://en.wikipedia.org/wiki/Charles_Pozzi
735.0,tornaco,,Charles,de Tornaco,1927-06-07,Belgian,http://en.wikipedia.org/wiki/Charles_de_Tornaco
733.0,miller,,Chet,Miller,1902-07-19,American,http://en.wikipedia.org/wiki/Chet_Miller
622.0,landi,,Chico,Landi,1907-07-14,Brazilian,http://en.wikipedia.org/wiki/Chico_Landi
192.0,serra,,Chico,Serra,1957-02-03,Brazilian,http://en.wikipedia.org/wiki/Chico_Serra
278.0,amon,,Chris,Amon,1943-07-20,New Zealander,http://en.wikipedia.org/wiki/Chris_Amon
505.0,bristow,,Chris,Bristow,1937-12-02,British,http://en.wikipedia.org/wiki/Chris_Bristow
354.0,craft,,Chris,Craft,1939-11-17,British,http://en.wikipedia.org/wiki/Chris_Craft_(racing_driver)
388.0,irwin,,Chris,Irwin,1942-06-27,British,http://en.wikipedia.org/wiki/Chris_Irwin
400.0,lawrence,,Chris,Lawrence,1933-07-27,British,http://en.wikipedia.org/wiki/Chris_Lawrence_(racing_driver)
157.0,danner,,Christian,Danner,1958-04-04,German,http://en.wikipedia.org/wiki/Christian_Danner
104.0,fittipaldi,,Christian,Fittipaldi,1971-01-18,Brazilian,http://en.wikipedia.org/wiki/Christian_Fittipaldi
600.0,goethals,,Christian,Goethals,1928-08-04,Belgian,http://en.wikipedia.org/wiki/Christian_Goethals
32.0,klien,KLI,Christian,Klien,1983-02-07,Austrian,http://en.wikipedia.org/wiki/Christian_Klien
27.0,albers,ALB,Christijan,Albers,1979-04-16,Dutch,http://en.wikipedia.org/wiki/Christijan_Albers
557.0,arnold,,Chuck,Arnold,1926-05-30,American,http://en.wikipedia.org/wiki/Chuck_Arnold
507.0,daigh,,Chuck,Daigh,1923-11-29,American,http://en.wikipedia.org/wiki/Chuck_Daigh
521.0,stevenson,,Chuck,Stevenson,1919-10-15,American,http://en.wikipedia.org/wiki/Chuck_Stevenson
563.0,weyant,,Chuck,Weyant,1923-04-03,American,http://en.wikipedia.org/wiki/Chuck_Weyant
149.0,langes,,Claudio,Langes,1960-07-20,Italian,http://en.wikipedia.org/wiki/Claudio_Langes
223.0,regazzoni,,Clay,Regazzoni,1939-09-05,Swiss,http://en.wikipedia.org/wiki/Clay_Regazzoni
645.0,bucci,,Clemar,Bucci,1920-09-04,Argentine,http://en.wikipedia.org/wiki/Clemar_Bucci
791.0,biondetti,,Clemente,Biondetti,1898-08-18,Italian,http://en.wikipedia.org/wiki/Clemente_Biondetti
477.0,allison,,Cliff,Allison,1932-02-08,British,http://en.wikipedia.org/wiki/Cliff_Allison
629.0,griffith,,Cliff,Griffith,1916-02-06,American,http://en.wikipedia.org/wiki/Cliff_Griffith
414.0,puzey,,Clive,Puzey,1941-07-11,Rhodesian,http://en.wikipedia.org/wiki/Clive_Puzey
635.0,chapman,,Colin,Chapman,1928-05-19,British,http://en.wikipedia.org/wiki/Colin_Chapman
462.0,davis,,Colin,Davis,1933-07-29,British,http://en.wikipedia.org/wiki/Colin_Davis_(driver)
260.0,andersson,,Conny,Andersson,1939-12-28,Swedish,http://en.wikipedia.org/wiki/Conny_Andersson_(racing_driver)
763.0,sanesi,,Consalvo,Sanesi,1911-03-28,Italian,http://en.wikipedia.org/wiki/Consalvo_Sanesi
190.0,corrado_fabi,,Corrado,Fabi,1961-04-12,Italian,http://en.wikipedia.org/wiki/Corrado_Fabi
43.0,matta,,Cristiano,da Matta,1973-09-19,Brazilian,http://en.wikipedia.org/wiki/Cristiano_da_Matta
787.0,harrison,,Cuth,Harrison,1906-07-06,British,http://en.wikipedia.org/wiki/Cuth_Harrison
282.0,magee,,Damien,Magee,1945-11-17,British,http://en.wikipedia.org/wiki/Damien_Magee
71.0,damon_hill,,Damon,Hill,1960-09-17,British,http://en.wikipedia.org/wiki/Damon_Hill
364.0,gurney,,Dan,Gurney,1931-04-13,American,http://en.wikipedia.org/wiki/Dan_Gurney
817.0,ricciardo,RIC,Daniel,Ricciardo,1989-07-01,Australian,http://en.wikipedia.org/wiki/Daniel_Ricciardo
826.0,kvyat,KVY,Daniil,Kvyat,1994-04-26,Russian,http://en.wikipedia.org/wiki/Daniil_Kvyat
805.0,kladis,,Danny,Kladis,1917-02-10,American,http://en.wikipedia.org/wiki/Danny_Kladis
240.0,ongais,,Danny,Ongais,1942-05-21,American,http://en.wikipedia.org/wiki/Danny_Ongais
193.0,sullivan,,Danny,Sullivan,1950-03-09,American,http://en.wikipedia.org/wiki/Danny_Sullivan
293.0,charlton,,Dave,Charlton,1936-10-27,South African,http://en.wikipedia.org/wiki/Dave_Charlton
225.0,kennedy,,Dave,Kennedy,1953-01-15,Irish,http://en.wikipedia.org/wiki/David_Kennedy_(racing_driver)
301.0,morgan,,Dave,Morgan,1944-08-07,British,http://en.wikipedia.org/wiki/Dave_Morgan_(racing_driver)
101.0,brabham,,David,Brabham,1965-09-05,Australian,http://en.wikipedia.org/wiki/David_Brabham
416.0,clapham,,David,Clapham,1931-05-18,South African,http://en.wikipedia.org/wiki/David_Clapham
14.0,coulthard,COU,David,Coulthard,1971-03-27,British,http://en.wikipedia.org/wiki/David_Coulthard
784.0,hampshire,,David,Hampshire,1917-12-29,British,http://en.wikipedia.org/wiki/David_Hampshire
322.0,hobbs,,David,Hobbs,1939-06-09,British,http://en.wikipedia.org/wiki/David_Hobbs_(racing_driver)
747.0,murray,,David,Murray,1909-12-28,British,http://en.wikipedia.org/wiki/David_Murray_(driver)
542.0,piper,,David,Piper,1930-12-02,British,http://en.wikipedia.org/wiki/David_Piper
407.0,prophet,,David,Prophet,1937-10-09,British,http://en.wikipedia.org/wiki/David_Prophet
259.0,purley,,David,Purley,1945-01-26,British,http://en.wikipedia.org/wiki/David_Purley
338.0,walker,,David,Walker,1941-06-10,Australian,http://en.wikipedia.org/wiki/David_Walker_(racing_driver)
539.0,dempsey_wilson,,Dempsey,Wilson,1927-03-11,American,http://en.wikipedia.org/wiki/Dempsey_Wilson
742.0,poore,,Dennis,Poore,1916-08-19,British,http://en.wikipedia.org/wiki/Dennis_Poore
571.0,dennis_taylor,,Dennis,Taylor,1921-06-12,British,http://en.wikipedia.org/wiki/Dennis_Taylor_(racing_driver)
304.0,hulme,,Denny,Hulme,1936-06-18,New Zealander,http://en.wikipedia.org/wiki/Denny_Hulme
321.0,bell,,Derek,Bell,1941-10-31,British,http://en.wikipedia.org/wiki/Derek_Bell_(auto_racer)
206.0,daly,,Derek,Daly,1953-03-11,Irish,http://en.wikipedia.org/wiki/Derek_Daly
118.0,warwick,,Derek,Warwick,1954-08-27,British,http://en.wikipedia.org/wiki/Derek_Warwick
228.0,desire_wilson,,Desiré,Wilson,1953-11-26,South African,http://en.wikipedia.org/wiki/Desir%C3%A9_Wilson
636.0,titterington,,Desmond,Titterington,1928-05-01,British,http://en.wikipedia.org/wiki/Desmond_Titterington
601.0,gibson,,Dick,Gibson,1918-04-16,British,http://en.wikipedia.org/wiki/Dick_Gibson
537.0,dick_rathmann,,Dick,Rathmann,1924-01-06,American,http://en.wikipedia.org/wiki/Dick_Rathmann
202.0,pironi,,Didier,Pironi,1952-03-26,French,http://en.wikipedia.org/wiki/Didier_Pironi
323.0,quester,,Dieter,Quester,1939-05-30,Austrian,http://en.wikipedia.org/wiki/Dieter_Quester
242.0,galica,,Divina,Galica,1944-08-13,British,http://en.wikipedia.org/wiki/Divina_Galica
93.0,schiattarella,,Domenico,Schiattarella,1967-11-17,Italian,http://en.wikipedia.org/wiki/Domenico_Schiattarella
682.0,beauman,,Don,Beauman,1928-07-26,British,http://en.wikipedia.org/wiki/Don_Beauman
511.0,branson,,Don,Branson,1920-06-02,American,http://en.wikipedia.org/wiki/Don_Branson
614.0,edmunds,,Don,Edmunds,1930-09-23,American,http://en.wikipedia.org/wiki/Don_Edmunds
528.0,freeland,,Don,Freeland,1925-03-25,American,http://en.wikipedia.org/wiki/Don_Freeland
802.0,serafini,,Dorino,Serafini,1909-07-22,Italian,http://en.wikipedia.org/wiki/Dorino_Serafini
411.0,serrurier,,Doug,Serrurier,1920-12-09,South African,http://en.wikipedia.org/wiki/Doug_Serrurier
758.0,lof,,Dries,van der Lof,1919-08-23,Dutch,http://en.wikipedia.org/wiki/Dries_van_der_Lof
518.0,darter,,Duane,Carter,1913-05-05,American,http://en.wikipedia.org/wiki/Duane_Carter
630.0,dinsmore,,Duke,Dinsmore,1913-04-10,American,http://en.wikipedia.org/wiki/Duke_Dinsmore
699.0,nalon,,Duke,Nalon,1913-03-02,American,http://en.wikipedia.org/wiki/Duke_Nalon
708.0,duncan_hamilton,,Duncan,Hamilton,1920-04-30,British,http://en.wikipedia.org/wiki/Duncan_Hamilton_(racing_driver)
596.0,elisian,,Ed,Elisian,1926-12-09,American,http://en.wikipedia.org/wiki/Ed_Elisian
158.0,cheever,,Eddie,Cheever,1958-01-10,American,http://en.wikipedia.org/wiki/Eddie_Cheever
56.0,irvine,,Eddie,Irvine,1965-11-10,British,http://en.wikipedia.org/wiki/Eddie_Irvine
513.0,johnson,,Eddie,Johnson,1919-02-10,American,http://en.wikipedia.org/wiki/Eddie_Johnson_(auto_racer)
292.0,keizan,,Eddie,Keizan,1944-09-12,South African,http://en.wikipedia.org/wiki/Eddie_Keizan
532.0,russo,,Eddie,Russo,1925-11-19,American,http://en.wikipedia.org/wiki/Eddie_Russo
527.0,sachs,,Eddie,Sachs,1927-05-28,American,http://en.wikipedia.org/wiki/Eddie_Sachs
431.0,barth,,Edgar,Barth,1917-01-26,German,http://en.wikipedia.org/wiki/Edgar_Barth
748.0,cantoni,,Eitel,Cantoni,1906-10-04,Uruguayan,http://en.wikipedia.org/wiki/Eitel_Cantoni
173.0,angelis,,Elio,de Angelis,1958-03-26,Italian,http://en.wikipedia.org/wiki/Elio_de_Angelis
194.0,salazar,,Eliseo,Salazar,1954-11-14,Chilean,http://en.wikipedia.org/wiki/Eliseo_Salazar
616.0,george,,Elmer,George,1928-07-15,American,http://en.wikipedia.org/wiki/Elmer_George
125.0,naspetti,,Emanuele,Naspetti,1968-02-24,Italian,http://en.wikipedia.org/wiki/Emanuele_Naspetti
139.0,pirro,,Emanuele,Pirro,1962-01-12,Italian,http://en.wikipedia.org/wiki/Emanuele_Pirro
224.0,emerson_fittipaldi,,Emerson,Fittipaldi,1946-12-12,Brazilian,http://en.wikipedia.org/wiki/Emerson_Fittipaldi
279.0,zapico,,Emilio,Zapico,1944-05-27,Spanish,http://en.wikipedia.org/wiki/Emilio_Zapico
208.0,villota,,Emilio,de Villota,1946-07-26,Spanish,http://en.wikipedia.org/wiki/Emilio_de_Villota
134.0,bertaggia,,Enrico,Bertaggia,1964-09-19,Italian,http://en.wikipedia.org/wiki/Enrico_Bertaggia
59.0,bernoldi,,Enrique,Bernoldi,1978-10-19,Brazilian,http://en.wikipedia.org/wiki/Enrique_Bernoldi
326.0,wietzes,,Eppie,Wietzes,1938-05-28,Canadian,http://en.wikipedia.org/wiki/Eppie_Wietzes
688.0,brandon,,Eric,Brandon,1920-07-18,British,http://en.wikipedia.org/wiki/Eric_Brandon
743.0,thompson,,Eric,Thompson,1919-11-04,British,http://en.wikipedia.org/wiki/Eric_Thompson_(racing_driver)
128.0,poele,,Eric,van de Poele,1961-09-30,Belgian,http://en.wikipedia.org/wiki/Eric_van_de_Poele
443.0,ernesto_brambilla,,Ernesto,Brambilla,1934-01-31,Italian,http://en.wikipedia.org/wiki/Ernesto_Brambilla
467.0,prinoth,,Ernesto,Prinoth,1923-04-15,Italian,http://en.wikipedia.org/wiki/Ernesto_Prinoth
679.0,mccoy,,Ernie,McCoy,1921-02-19,American,http://en.wikipedia.org/wiki/Ernie_McCoy
413.0,pieterse,,Ernie,Pieterse,1938-07-04,South African,http://en.wikipedia.org/wiki/Ernie_Pieterse
450.0,vos,,Ernie,de Vos,1941-07-01,Dutch,http://en.wikipedia.org/wiki/Ernie_de_Vos
709.0,klodwig,,Ernst,Klodwig,1903-05-23,East German,http://en.wikipedia.org/wiki/Ernst_Klodwig
718.0,loof,,Ernst,Loof,1907-07-04,German,http://en.wikipedia.org/wiki/Ernst_Loof
716.0,bauer,,Erwin,Bauer,1912-07-17,German,http://en.wikipedia.org/wiki/Erwin_Bauer
821.0,gutierrez,GUT,Esteban,Gutiérrez,1991-08-05,Mexican,http://en.wikipedia.org/wiki/Esteban_Guti%C3%A9rrez
839.0,ocon,OCO,Esteban,Ocon,1996-09-17,French,http://en.wikipedia.org/wiki/Esteban_Ocon
74.0,tuero,,Esteban,Tuero,1978-04-22,Argentine,http://en.wikipedia.org/wiki/Esteban_Tuero
503.0,chimeri,,Ettore,Chimeri,1921-06-04,Venezuelan,http://en.wikipedia.org/wiki/Ettore_Chimeri
608.0,castellotti,,Eugenio,Castellotti,1930-10-10,Italian,http://en.wikipedia.org/wiki/Eugenio_Castellotti
774.0,chaboud,,Eugène,Chaboud,1907-04-12,French,http://en.wikipedia.org/wiki/Eug%C3%A8ne_Chaboud
789.0,martin,,Eugène,Martin,1915-03-24,French,http://en.wikipedia.org/wiki/Eug%C3%A8ne_Martin
120.0,barbazza,,Fabrizio,Barbazza,1963-04-02,Italian,http://en.wikipedia.org/wiki/Fabrizio_Barbazza
697.0,bonetto,,Felice,Bonetto,1903-06-09,Italian,http://en.wikipedia.org/wiki/Felice_Bonetto
13.0,massa,MAS,Felipe,Massa,1981-04-25,Brazilian,http://en.wikipedia.org/wiki/Felipe_Massa
831.0,nasr,NAS,Felipe,Nasr,1992-08-21,Brazilian,http://en.wikipedia.org/wiki/Felipe_Nasr
4.0,alonso,ALO,Fernando,Alonso,1981-07-29,Spanish,http://en.wikipedia.org/wiki/Fernando_Alonso
116.0,lagorce,,Franck,Lagorce,1968-09-01,French,http://en.wikipedia.org/wiki/Franck_Lagorce
36.0,montagny,FMO,Franck,Montagny,1978-01-05,French,http://en.wikipedia.org/wiki/Franck_Montagny
861.0,colapinto,COL,Franco,Colapinto,2003-05-27,Argentine,http://en.wikipedia.org/wiki/Franco_Colapinto
740.0,comotti,,Franco,Comotti,1906-07-24,Italian,http://en.wikipedia.org/wiki/Franco_Comotti
171.0,forini,,Franco,Forini,1958-09-22,Swiss,http://en.wikipedia.org/wiki/Franco_Forini
762.0,rol,,Franco,Rol,1908-06-05,Italian,http://en.wikipedia.org/wiki/Franco_Rol
676.0,armi,,Frank,Armi,1918-10-12,American,http://en.wikipedia.org/wiki/Frank_Armi
451.0,dochnal,,Frank,Dochnal,1920-10-08,American,http://en.wikipedia.org/wiki/Frank_Dochnal
380.0,gardner,,Frank,Gardner,1930-10-01,Australian,http://en.wikipedia.org/wiki/Frank_Gardner_(driver)
327.0,cevert,,François,Cevert,1944-02-25,French,http://en.wikipedia.org/wiki/Fran%C3%A7ois_Cevert
183.0,hesnault,,François,Hesnault,1956-12-30,French,http://en.wikipedia.org/wiki/Fran%C3%A7ois_Hesnault
348.0,mazet,,François,Mazet,1943-02-24,French,http://en.wikipedia.org/wiki/Fran%C3%A7ois_Mazet
296.0,migault,,François,Migault,1944-12-04,French,http://en.wikipedia.org/wiki/Fran%C3%A7ois_Migault
604.0,picard,,François,Picard,1921-04-26,French,http://en.wikipedia.org/wiki/Fran%C3%A7ois_Picard
615.0,agabashian,,Fred,Agabashian,1913-08-21,American,http://en.wikipedia.org/wiki/Fred_Agabashian
545.0,gamble,,Fred,Gamble,1932-03-17,American,http://en.wikipedia.org/wiki/Fred_Gamble_(racing_driver)
693.0,wacker,,Fred,Wacker,1918-07-10,American,http://en.wikipedia.org/wiki/Fred_Wacker
751.0,riess,,Fritz,Riess,1922-07-11,German,http://en.wikipedia.org/wiki/Fritz_Riess
567.0,orey,,Fritz,d'Orey,1938-03-25,Brazilian,http://en.wikipedia.org/wiki/Fritz_d%27Orey
,bortoleto,BOR,Gabriel,Bortoleto,2004-10-14,Brazilian,https://en.wikipedia.org/wiki/Gabriel_Bortoleto
99.0,tarquini,,Gabriele,Tarquini,1962-03-02,Italian,http://en.wikipedia.org/wiki/Gabriele_Tarquini
447.0,starrabba,,Gaetano,Starrabba,1932-12-03,Italian,http://en.wikipedia.org/wiki/Gaetano_Starrabba
150.0,gary_brabham,,Gary,Brabham,1961-03-29,Australian,http://en.wikipedia.org/wiki/Gary_Brabham
473.0,hocking,,Gary,Hocking,1937-09-30,Rhodesian,http://en.wikipedia.org/wiki/Gary_Hocking
60.0,mazzacane,,Gastón,Mazzacane,1975-05-08,Argentine,http://en.wikipedia.org/wiki/Gast%C3%B3n_Mazzacane
534.0,force,,Gene,Force,1916-06-15,American,http://en.wikipedia.org/wiki/Gene_Force
520.0,hartley,,Gene,Hartley,1926-01-28,American,http://en.wikipedia.org/wiki/Gene_Hartley
785.0,crossley,,Geoff,Crossley,1921-05-11,British,http://en.wikipedia.org/wiki/Geoff_Crossley
490.0,duke,,Geoff,Duke,1923-03-29,British,http://en.wikipedia.org/wiki/Geoff_Duke
209.0,lees,,Geoff,Lees,1951-05-01,British,http://en.wikipedia.org/wiki/Geoff_Lees
725.0,abecassis,,George,Abecassis,1913-03-21,British,http://en.wikipedia.org/wiki/George_Abecassis
591.0,george_amick,,George,Amick,1924-10-24,American,http://en.wikipedia.org/wiki/George_Amick
726.0,george_connor,,George,Connor,1906-08-16,American,http://en.wikipedia.org/wiki/George_Connor_(driver)
574.0,constantine,,George,Constantine,1918-02-22,American,http://en.wikipedia.org/wiki/George_Constantine
352.0,eaton,,George,Eaton,1945-11-12,Canadian,http://en.wikipedia.org/wiki/George_Eaton
332.0,follmer,,George,Follmer,1934-01-27,American,http://en.wikipedia.org/wiki/George_Follmer
730.0,fonder,,George,Fonder,1917-06-22,American,http://en.wikipedia.org/wiki/George_Fonder
847.0,russell,RUS,George,Russell,1998-02-15,British,http://en.wikipedia.org/wiki/George_Russell_(racing_driver)
681.0,georges_berger,,Georges,Berger,1918-09-14,Belgian,http://en.wikipedia.org/wiki/Georges_Berger
783.0,grignard,,Georges,Grignard,1905-07-25,French,http://en.wikipedia.org/wiki/Georges_Grignard
77.0,berger,,Gerhard,Berger,1959-08-27,Austrian,http://en.wikipedia.org/wiki/Gerhard_Berger
423.0,mitter,,Gerhard,Mitter,1935-08-30,German,http://en.wikipedia.org/wiki/Gerhard_Mitter
583.0,gerini,,Gerino,Gerini,1928-08-10,Italian,http://en.wikipedia.org/wiki/Gerino_Gerini_(racing_driver)
460.0,ashmore,,Gerry,Ashmore,1936-07-25,British,http://en.wikipedia.org/wiki/Gerry_Ashmore
402.0,geki,,Giacomo,Russo,1937-10-23,Italian,http://en.wikipedia.org/wiki/Geki_(driver)
394.0,baghetti,,Giancarlo,Baghetti,1934-12-25,Italian,http://en.wikipedia.org/wiki/Giancarlo_Baghetti
21.0,fisichella,FIS,Giancarlo,Fisichella,1973-01-14,Italian,http://en.wikipedia.org/wiki/Giancarlo_Fisichella
234.0,brancatelli,,Gianfranco,Brancatelli,1950-01-18,Italian,http://en.wikipedia.org/wiki/Gianfranco_Brancatelli
46.0,bruni,,Gianmaria,Bruni,1981-05-30,Italian,http://en.wikipedia.org/wiki/Gianmaria_Bruni
81.0,morbidelli,,Gianni,Morbidelli,1968-01-13,Italian,http://en.wikipedia.org/wiki/Gianni_Morbidelli
823.0,garde,VDG,Giedo,van der Garde,1985-04-25,Dutch,http://en.wikipedia.org/wiki/Giedo_van_der_Garde
298.0,lennep,,Gijs,van Lennep,1942-03-16,Dutch,http://en.wikipedia.org/wiki/Gijs_Van_Lennep
203.0,gilles_villeneuve,,Gilles,Villeneuve,1950-01-18,Canadian,http://en.wikipedia.org/wiki/Gilles_Villeneuve
746.0,bianco,,Gino,Bianco,1916-07-22,Brazilian,http://en.wikipedia.org/wiki/Gino_Bianco
500.0,munaron,,Gino,Munaron,1928-04-02,Italian,http://en.wikipedia.org/wiki/Gino_Munaron
426.0,bassi,,Giorgio,Bassi,1934-01-20,Italian,http://en.wikipedia.org/wiki/Giorgio_Bassi
220.0,francia,,Giorgio,Francia,1947-11-08,Italian,http://en.wikipedia.org/wiki/Giorgio_Francia
45.0,pantano,,Giorgio,Pantano,1979-02-04,Italian,http://en.wikipedia.org/wiki/Giorgio_Pantano
483.0,scarlatti,,Giorgio,Scarlatti,1921-10-02,Italian,http://en.wikipedia.org/wiki/Giorgio_Scarlatti
132.0,amati,,Giovanna,Amati,1959-07-20,Italian,http://en.wikipedia.org/wiki/Giovanna_Amati
86.0,lavaggi,,Giovanni,Lavaggi,1958-02-18,Italian,http://en.wikipedia.org/wiki/Giovanni_Lavaggi
694.0,riu,,Giovanni,de Riu,1925-03-10,Italian,http://en.wikipedia.org/wiki/Giovanni_de_Riu
543.0,cabianca,,Giulio,Cabianca,1923-02-19,Italian,http://en.wikipedia.org/wiki/Giulio_Cabianca
289.0,hill,,Graham,Hill,1929-02-15,British,http://en.wikipedia.org/wiki/Graham_Hill
336.0,mcrae,,Graham,McRae,1940-03-05,New Zealander,http://en.wikipedia.org/wiki/Graham_McRae
745.0,graham_whitehead,,Graham,Whitehead,1922-04-15,British,http://en.wikipedia.org/wiki/Graham_Whitehead
148.0,foitek,,Gregor,Foitek,1965-03-27,Swiss,http://en.wikipedia.org/wiki/Gregor_Foitek
855.0,zhou,ZHO,Guanyu,Zhou,1999-05-30,Chinese,http://en.wikipedia.org/wiki/Zhou_Guanyu
255.0,nilsson,,Gunnar,Nilsson,1948-11-20,Swedish,http://en.wikipedia.org/wiki/Gunnar_Nilsson
366.0,hutchison,,Gus,Hutchison,1937-04-26,American,http://en.wikipedia.org/wiki/Gus_Hutchison
265.0,edwards,,Guy,Edwards,1942-12-30,British,http://en.wikipedia.org/wiki/Guy_Edwards
389.0,ligier,,Guy,Ligier,1930-07-12,French,http://en.wikipedia.org/wiki/Guy_Ligier
764.0,guy_mairesse,,Guy,Mairesse,1910-08-10,French,http://en.wikipedia.org/wiki/Guy_Mairesse
291.0,tunmer,,Guy,Tunmer,1948-12-01,South African,http://en.wikipedia.org/wiki/Guy_Tunmer
315.0,larrousse,,Gérard,Larrousse,1940-05-23,French,http://en.wikipedia.org/wiki/G%C3%A9rard_Larrousse
715.0,bechem,,Günther,Bechem,1921-12-21,German,http://en.wikipedia.org/wiki/G%C3%BCnther_Bechem
445.0,seiffert,,Günther,Seiffert,1937-10-18,German,http://en.wikipedia.org/wiki/G%C3%BCnther_Seiffert
246.0,binder,,Hans,Binder,1948-06-12,Austrian,http://en.wikipedia.org/wiki/Hans_Binder
478.0,herrmann,,Hans,Herrmann,1928-02-23,German,http://en.wikipedia.org/wiki/Hans_Herrmann
268.0,heyer,,Hans,Heyer,1943-03-16,German,http://en.wikipedia.org/wiki/Hans_Heyer
753.0,klenk,,Hans,Klenk,1919-10-28,German,http://en.wikipedia.org/wiki/Hans_Klenk
717.0,hans_stuck,,Hans,von Stuck,1900-12-27,German,http://en.wikipedia.org/wiki/Hans_Von_Stuck
233.0,stuck,,Hans-Joachim,Stuck,1951-01-01,German,http://en.wikipedia.org/wiki/Hans_Joachim_Stuck
434.0,sharp,,Hap,Sharp,1928-01-01,American,http://en.wikipedia.org/wiki/Hap_Sharp
229.0,ertl,,Harald,Ertl,1948-08-31,Austrian,http://en.wikipedia.org/wiki/Harald_Ertl
572.0,blanchard,,Harry,Blanchard,1929-06-13,American,http://en.wikipedia.org/wiki/Harry_Blanchard
501.0,schell,,Harry,Schell,1921-06-29,American,http://en.wikipedia.org/wiki/Harry_Schell
212.0,rebaque,,Hector,Rebaque,1956-02-05,Mexican,http://en.wikipedia.org/wiki/Hector_Rebaque
5.0,kovalainen,KOV,Heikki,Kovalainen,1981-10-19,Finnish,http://en.wikipedia.org/wiki/Heikki_Kovalainen
466.0,walter,,Heini,Walter,1927-07-28,Swiss,http://en.wikipedia.org/wiki/Heini_Walter
461.0,schiller,,Heinz,Schiller,1930-01-25,Swiss,http://en.wikipedia.org/wiki/Heinz_Schiller
49.0,frentzen,,Heinz-Harald,Frentzen,1967-05-18,German,http://en.wikipedia.org/wiki/Heinz-Harald_Frentzen
337.0,marko,,Helmut,Marko,1943-04-27,Austrian,http://en.wikipedia.org/wiki/Helmut_Marko
752.0,niedermayr,,Helmut,Niedermayr,1915-11-29,German,http://en.wikipedia.org/wiki/Helmut_Niedermayr
324.0,koinigg,,Helmuth,Koinigg,1948-11-03,Austrian,http://en.wikipedia.org/wiki/Helmuth_Koinigg
765.0,louveau,,Henri,Louveau,1910-01-25,French,http://en.wikipedia.org/wiki/Henri_Louveau
280.0,pescarolo,,Henri,Pescarolo,1942-09-25,French,http://en.wikipedia.org/wiki/Henri_Pescarolo
731.0,banks,,Henry,Banks,1913-06-14,American,http://en.wikipedia.org/wiki/Henry_Banks
481.0,henry_taylor,,Henry,Taylor,1932-12-16,British,http://en.wikipedia.org/wiki/Henry_Taylor_(racing_driver)
618.0,mackay-fraser,,Herbert,MacKay-Fraser,1927-06-23,American,http://en.wikipedia.org/wiki/Herbert_MacKay-Fraser
691.0,lang,,Hermann,Lang,1909-04-06,German,http://en.wikipedia.org/wiki/Hermann_Lang
624.0,ramos,,Hernando,da Silva Ramos,1925-12-07,Brazilian,http://en.wikipedia.org/wiki/Hernando_da_Silva_Ramos
115.0,noda,,Hideki,Noda,1969-03-07,Japanese,http://en.wikipedia.org/wiki/Hideki_Noda
299.0,fushida,,Hiroshi,Fushida,1946-03-10,Japanese,http://en.wikipedia.org/wiki/Hiroshi_Fushida
547.0,gould,,Horace,Gould,1918-09-20,British,http://en.wikipedia.org/wiki/Horace_Gould
307.0,ganley,,Howden,Ganley,1941-12-24,New Zealander,http://en.wikipedia.org/wiki/Howden_Ganley
365.0,hahne,,Hubert,Hahne,1935-03-28,German,http://en.wikipedia.org/wiki/Hubert_Hahne
179.0,rothengatter,,Huub,Rothengatter,1954-10-08,Dutch,http://en.wikipedia.org/wiki/Huub_Rothengatter
270.0,ashley,,Ian,Ashley,1947-10-26,British,http://en.wikipedia.org/wiki/Ian_Ashley
437.0,burgess,,Ian,Burgess,1930-07-06,British,http://en.wikipedia.org/wiki/Ian_Burgess
420.0,raby,,Ian,Raby,1921-09-22,British,http://en.wikipedia.org/wiki/Ian_Raby
251.0,ian_scheckter,,Ian,Scheckter,1947-08-22,South African,http://en.wikipedia.org/wiki/Ian_Scheckter
707.0,ian_stewart,,Ian,Stewart,1929-07-15,British,http://en.wikipedia.org/wiki/Ian_Stewart_(racing_driver)
363.0,giunti,,Ignazio,Giunti,1941-08-30,Italian,http://en.wikipedia.org/wiki/Ignazio_Giunti
253.0,hoffmann,,Ingo,Hoffmann,1953-02-28,Brazilian,http://en.wikipedia.org/wiki/Ingo_Hoffmann
404.0,ireland,,Innes,Ireland,1930-06-12,British,http://en.wikipedia.org/wiki/Innes_Ireland
,hadjar,HAD,Isack,Hadjar,2004-09-28,French,https://en.wikipedia.org/wiki/Isack_Hadjar
122.0,capelli,,Ivan,Capelli,1963-05-24,Italian,http://en.wikipedia.org/wiki/Ivan_Capelli
549.0,bueb,,Ivor,Bueb,1923-06-06,British,http://en.wikipedia.org/wiki/Ivor_Bueb
281.0,nelleman,,Jac,Nelleman,1944-04-19,Danish,http://en.wikipedia.org/wiki/Jac_Nelleman
851.0,aitken,AIT,Jack,Aitken,1995-09-23,British,http://en.wikipedia.org/wiki/Jack_Aitken
356.0,jack_brabham,,Jack,Brabham,1926-04-02,Australian,http://en.wikipedia.org/wiki/Jack_Brabham
862.0,doohan,DOO,Jack,Doohan,2003-01-20,Australian,http://en.wikipedia.org/wiki/Jack_Doohan
486.0,fairman,,Jack,Fairman,1913-03-15,British,http://en.wikipedia.org/wiki/Jack_Fairman
658.0,mcgrath,,Jack,McGrath,1919-10-08,American,http://en.wikipedia.org/wiki/Jack_McGrath_(racing_driver)
562.0,turner,,Jack,Turner,1920-02-12,American,http://en.wikipedia.org/wiki/Jack_Turner_(driver)
797.0,holmes,,Jackie,Holmes,1920-09-04,American,http://en.wikipedia.org/wiki/Jackie_Holmes
453.0,lewis,,Jackie,Lewis,1936-11-01,British,http://en.wikipedia.org/wiki/Jackie_Lewis
262.0,oliver,,Jackie,Oliver,1942-08-14,British,http://en.wikipedia.org/wiki/Jackie_Oliver
334.0,pretorius,,Jackie,Pretorius,1934-11-22,South African,http://en.wikipedia.org/wiki/Jackie_Pretorius
328.0,stewart,,Jackie,Stewart,1939-06-11,British,http://en.wikipedia.org/wiki/Jackie_Stewart
235.0,ickx,,Jacky,Ickx,1945-01-01,Belgian,http://en.wikipedia.org/wiki/Jacky_Ickx
172.0,laffite,,Jacques,Laffite,1943-11-21,French,http://en.wikipedia.org/wiki/Jacques_Laffite
650.0,pollet,,Jacques,Pollet,1922-07-02,French,http://en.wikipedia.org/wiki/Jacques_Pollet
680.0,swaters,,Jacques,Swaters,1926-10-30,American,http://en.wikipedia.org/wiki/Jacques_Swaters
35.0,villeneuve,VIL,Jacques,Villeneuve,1971-04-09,Canadian,http://en.wikipedia.org/wiki/Jacques_Villeneuve
198.0,villeneuve_sr,,Jacques,Villeneuve Sr.,1953-11-04,Canadian,http://en.wikipedia.org/wiki/Jacques_Villeneuve_(elder)
153.0,alguersuari,ALG,Jaime,Alguersuari,1990-03-23,Spanish,http://en.wikipedia.org/wiki/Jaime_Alguersuari
231.0,hunt,,James,Hunt,1947-08-29,British,http://en.wikipedia.org/wiki/James_Hunt
759.0,flinterman,,Jan,Flinterman,1919-10-02,Dutch,http://en.wikipedia.org/wiki/Jan_Flinterman
136.0,lammers,,Jan,Lammers,1956-06-02,Dutch,http://en.wikipedia.org/wiki/Jan_Lammers
76.0,magnussen,MAG,Jan,Magnussen,1973-07-04,Danish,http://en.wikipedia.org/wiki/Jan_Magnussen
15.0,trulli,TRU,Jarno,Trulli,1974-07-13,Italian,http://en.wikipedia.org/wiki/Jarno_Trulli
463.0,chamberlain,,Jay,Chamberlain,1925-12-29,American,http://en.wikipedia.org/wiki/Jay_Chamberlain
55.0,alesi,,Jean,Alesi,1964-06-11,French,http://en.wikipedia.org/wiki/Jean_Alesi
554.0,behra,,Jean,Behra,1921-02-16,French,http://en.wikipedia.org/wiki/Jean_Behra
668.0,lucas,,Jean,Lucas,1917-04-25,French,http://en.wikipedia.org/wiki/Jean_Lucas
552.0,lucienbonnet,,Jean,Lucienbonnet,1923-01-07,French,http://en.wikipedia.org/wiki/Jean_Lucienbonnet
96.0,boullion,,Jean-Christophe,Boullion,1969-12-27,French,http://en.wikipedia.org/wiki/Jean-Christophe_Boullion
98.0,deletraz,,Jean-Denis,Délétraz,1963-10-01,Swiss,http://en.wikipedia.org/wiki/Jean-Denis_Deletraz
168.0,schlesser,,Jean-Louis,Schlesser,1948-09-12,French,http://en.wikipedia.org/wiki/Jean-Louis_Schlesser
111.0,gounon,,Jean-Marc,Gounon,1963-01-01,French,http://en.wikipedia.org/wiki/Jean-Marc_Gounon
306.0,beltoise,,Jean-Pierre,Beltoise,1937-04-26,French,http://en.wikipedia.org/wiki/Jean-Pierre_Beltoise
219.0,jabouille,,Jean-Pierre,Jabouille,1942-10-01,French,http://en.wikipedia.org/wiki/Jean-Pierre_Jabouille
197.0,jarier,,Jean-Pierre,Jarier,1946-07-10,French,http://en.wikipedia.org/wiki/Jean-Pierre_Jarier
818.0,vergne,VER,Jean-Éric,Vergne,1990-04-25,French,http://en.wikipedia.org/wiki/Jean-%C3%89ric_Vergne
18.0,button,BUT,Jenson,Button,1980-01-19,British,http://en.wikipedia.org/wiki/Jenson_Button
659.0,hoyt,,Jerry,Hoyt,1929-01-29,American,http://en.wikipedia.org/wiki/Jerry_Hoyt
598.0,jerry_unser,,Jerry,Unser,1932-11-15,American,http://en.wikipedia.org/wiki/Jerry_Unser
646.0,iglesias,,Jesús,Iglesias,1922-02-22,Argentine,http://en.wikipedia.org/wiki/Jes%C3%BAs_Iglesias
373.0,clark,,Jim,Clark,1936-03-04,British,http://en.wikipedia.org/wiki/Jim_Clark
302.0,crawford,,Jim,Crawford,1948-02-13,British,http://en.wikipedia.org/wiki/Jim_Crawford_(driver)
440.0,hall,,Jim,Hall,1935-07-23,American,http://en.wikipedia.org/wiki/Jim_Hall_(race_car_driver)
524.0,hurtubise,,Jim,Hurtubise,1932-12-05,American,http://en.wikipedia.org/wiki/Jim_Hurtubise
535.0,mcwithey,,Jim,McWithey,1927-07-04,American,http://en.wikipedia.org/wiki/Jim_McWithey
509.0,rathmann,,Jim,Rathmann,1928-07-16,American,http://en.wikipedia.org/wiki/Jim_Rathmann
727.0,rigsby,,Jim,Rigsby,1923-06-06,American,http://en.wikipedia.org/wiki/Jim_Rigsby
525.0,bryan,,Jimmy,Bryan,1926-01-28,American,http://en.wikipedia.org/wiki/Jimmy_Bryan
653.0,davies,,Jimmy,Davies,1929-08-08,American,http://en.wikipedia.org/wiki/Jimmy_Davies
556.0,daywalt,,Jimmy,Daywalt,1924-08-28,American,http://en.wikipedia.org/wiki/Jimmy_Daywalt
799.0,jackson,,Jimmy,Jackson,1910-07-25,American,http://en.wikipedia.org/wiki/Jimmy_Jackson_(driver)
592.0,reece,,Jimmy,Reece,1929-11-17,American,http://en.wikipedia.org/wiki/Jimmy_Reece
706.0,jimmy_stewart,,Jimmy,Stewart,1931-03-06,British,http://en.wikipedia.org/wiki/Jimmy_Stewart_(racing_driver)
347.0,bonnier,,Jo,Bonnier,1930-01-31,Swedish,http://en.wikipedia.org/wiki/Joakim_Bonnier
189.0,gartner,,Jo,Gartner,1954-01-24,Austrian,http://en.wikipedia.org/wiki/Jo_Gartner
377.0,jo_schlesser,,Jo,Schlesser,1928-05-18,French,http://en.wikipedia.org/wiki/Jo_Schlesser
346.0,siffert,,Jo,Siffert,1936-07-07,Swiss,http://en.wikipedia.org/wiki/Jo_Siffert
303.0,vonlanthen,,Jo,Vonlanthen,1942-05-31,Swiss,http://en.wikipedia.org/wiki/Jo_Vonlanthen
164.0,joachim_winkelhock,,Joachim,Winkelhock,1960-10-24,German,http://en.wikipedia.org/wiki/Joachim_Winkelhock
200.0,mass,,Jochen,Mass,1946-09-30,German,http://en.wikipedia.org/wiki/Jochen_Mass
358.0,rindt,,Jochen,Rindt,1942-04-18,Austrian,http://en.wikipedia.org/wiki/Jochen_Rindt
222.0,scheckter,,Jody,Scheckter,1950-01-29,South African,http://en.wikipedia.org/wiki/Jody_Scheckter
788.0,fry,,Joe,Fry,1915-10-26,British,http://en.wikipedia.org/wiki/Joe_Fry
728.0,james,,Joe,James,1925-05-23,American,http://en.wikipedia.org/wiki/Joe_James_(racing_driver)
776.0,kelly,,Joe,Kelly,1913-03-13,Irish,http://en.wikipedia.org/wiki/Joe_Kelly_(Formula_One)
696.0,john_barber,,John,Barber,1929-07-22,British,http://en.wikipedia.org/wiki/John_Barber_(racing_driver)
436.0,campbell-jones,,John,Campbell-Jones,1930-01-21,British,http://en.wikipedia.org/wiki/John_Campbell-Jones
355.0,Cannoc,,John,Cannon,1933-06-21,Canadian,http://en.wikipedia.org/wiki/John_Cannon_(auto_racer)
372.0,cordts,,John,Cordts,1935-07-23,Canadian,http://en.wikipedia.org/wiki/John_Cordts
667.0,fitch,,John,Fitch,1917-08-04,American,http://en.wikipedia.org/wiki/John_Fitch_(driver)
779.0,john_james,,John,James,1914-05-10,British,http://en.wikipedia.org/wiki/John_James_(auto_racer)
340.0,love,,John,Love,1924-12-07,Rhodesian,http://en.wikipedia.org/wiki/John_Love_(racing_driver)
357.0,miles,,John,Miles,1943-06-14,British,http://en.wikipedia.org/wiki/John_Miles_(auto_racer)
300.0,nicholson,,John,Nicholson,1941-10-06,New Zealander,http://en.wikipedia.org/wiki/John_Nicholson_(racing_driver)
419.0,rhodes,,John,Rhodes,1927-08-18,British,http://en.wikipedia.org/wiki/John_Rhodes_(driver)
685.0,riseley_prichard,,John,Riseley-Prichard,1924-01-17,British,http://en.wikipedia.org/wiki/John_Riseley-Prichard
341.0,surtees,,John,Surtees,1934-02-11,British,http://en.wikipedia.org/wiki/John_Surtees
399.0,taylor,,John,Taylor,1933-03-23,British,http://en.wikipedia.org/wiki/John_Taylor_(racer)
187.0,watson,,John,Watson,1946-05-04,British,http://en.wikipedia.org/wiki/John_Watson_(racing_driver)
593.0,parsons,,Johnnie,Parsons,1918-07-04,American,http://en.wikipedia.org/wiki/Johnnie_Parsons
594.0,tolan,,Johnnie,Tolan,1917-10-22,American,http://en.wikipedia.org/wiki/Johnnie_Tolan
533.0,boyd,,Johnny,Boyd,1926-08-19,American,http://en.wikipedia.org/wiki/Johnny_Boyd
188.0,cecotto,,Johnny,Cecotto,1956-01-25,Venezuelan,http://en.wikipedia.org/wiki/Johnny_Cecotto
660.0,claes,,Johnny,Claes,1916-08-11,Belgian,http://en.wikipedia.org/wiki/Johnny_Claes
174.0,dumfries,,Johnny,Dumfries,1958-04-26,British,http://en.wikipedia.org/wiki/Johnny_Dumfries
65.0,herbert,,Johnny,Herbert,1964-06-25,British,http://en.wikipedia.org/wiki/Johnny_Herbert
804.0,mantz,,Johnny,Mantz,1918-09-18,American,http://en.wikipedia.org/wiki/Johnny_Mantz
732.0,mcdowell,,Johnny,McDowell,1915-01-29,American,http://en.wikipedia.org/wiki/Johnny_McDowell
359.0,gavin,,Johnny,Servoz-Gavin,1942-01-18,French,http://en.wikipedia.org/wiki/Johnny_Servoz-Gavin
512.0,thomson,,Johnny,Thomson,1922-04-09,American,http://en.wikipedia.org/wiki/Johnny_Thomson
794.0,chitwood,,Joie,Chitwood,1912-04-14,American,http://en.wikipedia.org/wiki/Joie_Chitwood
835.0,jolyon_palmer,PAL,Jolyon,Palmer,1991-01-20,British,http://en.wikipedia.org/wiki/Jolyon_Palmer
156.0,palmer,,Jonathan,Palmer,1956-11-07,British,http://en.wikipedia.org/wiki/Jonathan_Palmer
395.0,williams,,Jonathan,Williams,1942-10-26,British,http://en.wikipedia.org/wiki/Jonathan_Williams_(racing_driver)
672.0,daponte,,Jorge,Daponte,1923-06-05,Argentine,http://en.wikipedia.org/wiki/Jorge_Daponte
50.0,verstappen,,Jos,Verstappen,1972-03-04,Dutch,http://en.wikipedia.org/wiki/Jos_Verstappen
757.0,peters,,Josef,Peters,1914-09-16,German,http://en.wikipedia.org/wiki/Josef_Peters_(driver)
319.0,dolhem,,José,Dolhem,1944-04-26,French,http://en.wikipedia.org/wiki/Jos%C3%A9_Dolhem
498.0,gonzalez,,José Froilán,González,1922-10-05,Argentine,http://en.wikipedia.org/wiki/Jos%C3%A9_Froil%C3%A1n_Gonz%C3%A1lez
579.0,fangio,,Juan,Fangio,1911-06-24,Argentine,http://en.wikipedia.org/wiki/Juan_Manuel_Fangio
782.0,jover,,Juan,Jover,1903-11-23,Spanish,http://en.wikipedia.org/wiki/Juan_Jover
485.0,bordeu,,Juan Manuel,Bordeu,1934-01-28,Argentine,http://en.wikipedia.org/wiki/Juan_Manuel_Bordeu
31.0,montoya,MON,Juan,Pablo Montoya,1975-09-20,Colombian,http://en.wikipedia.org/wiki/Juan_Pablo_Montoya
564.0,larson,,Jud,Larson,1923-01-21,American,http://en.wikipedia.org/wiki/Jud_Larson
824.0,jules_bianchi,BIA,Jules,Bianchi,1989-08-03,French,http://en.wikipedia.org/wiki/Jules_Bianchi
141.0,bailey,,Julian,Bailey,1961-10-09,British,http://en.wikipedia.org/wiki/Julian_Bailey
51.0,wilson,,Justin,Wilson,1978-07-31,British,http://en.wikipedia.org/wiki/Justin_Wilson_(racing_driver)
109.0,lehto,,Jyrki,Järvilehto,1966-01-31,Finnish,http://en.wikipedia.org/wiki/Jyrki_J%C3%A4rvilehto
816.0,ambrosio,DAM,Jérôme,d'Ambrosio,1985-12-27,Belgian,http://en.wikipedia.org/wiki/J%C3%A9r%C3%B4me_d%27Ambrosio
155.0,kobayashi,KOB,Kamui,Kobayashi,1986-09-13,Japanese,http://en.wikipedia.org/wiki/Kamui_Kobayashi
648.0,kling,,Karl,Kling,1910-09-16,German,http://en.wikipedia.org/wiki/Karl_Kling
91.0,wendlinger,,Karl,Wendlinger,1968-12-20,Austrian,http://en.wikipedia.org/wiki/Karl_Wendlinger
812.0,chandhok,CHA,Karun,Chandhok,1984-01-19,Indian,http://en.wikipedia.org/wiki/Karun_Chandhok
6.0,nakajima,NAK,Kazuki,Nakajima,1985-01-11,Japanese,http://en.wikipedia.org/wiki/Kazuki_Nakajima
273.0,hoshino,,Kazuyoshi,Hoshino,1947-07-01,Japanese,http://en.wikipedia.org/wiki/Kazuyoshi_Hoshino
631.0,andrews,,Keith,Andrews,1920-06-15,American,http://en.wikipedia.org/wiki/Keith_Andrews_(driver)
465.0,greene,,Keith,Greene,1938-01-05,British,http://en.wikipedia.org/wiki/Keith_Greene
177.0,keke_rosberg,,Keke,Rosberg,1948-12-06,Finnish,http://en.wikipedia.org/wiki/Keke_Rosberg
744.0,downing,,Ken,Downing,1917-12-05,British,http://en.wikipedia.org/wiki/Ken_Downing
582.0,kavanagh,,Ken,Kavanagh,1923-12-12,Australian,http://en.wikipedia.org/wiki/Ken_Kavanagh
495.0,ken_miles,,Ken,Miles,1918-11-01,British,http://en.wikipedia.org/wiki/Ken_Miles
781.0,richardson,,Ken,Richardson,1911-08-21,British,http://en.wikipedia.org/wiki/Ken_Richardson_(race_car_driver)
663.0,wharton,,Ken,Wharton,1916-03-21,British,http://en.wikipedia.org/wiki/Ken_Wharton
664.0,mcalpine,,Kenneth,McAlpine,1920-09-21,British,http://en.wikipedia.org/wiki/Kenneth_McAlpine
186.0,acheson,,Kenny,Acheson,1957-11-27,British,http://en.wikipedia.org/wiki/Kenny_Acheson
214.0,cogan,,Kevin,Cogan,1956-03-31,American,http://en.wikipedia.org/wiki/Kevin_Cogan
825.0,kevin_magnussen,MAG,Kevin,Magnussen,1992-10-05,Danish,http://en.wikipedia.org/wiki/Kevin_Magnussen
8.0,raikkonen,RAI,Kimi,Räikkönen,1979-10-17,Finnish,http://en.wikipedia.org/wiki/Kimi_R%C3%A4ikk%C3%B6nen
272.0,takahashi,,Kunimitsu,Takahashi,1940-01-29,Japanese,http://en.wikipedia.org/wiki/Kunimitsu_Takahashi
714.0,adolff,,Kurt,Adolff,1921-11-05,German,http://en.wikipedia.org/wiki/Kurt_Adolff
379.0,ahrens,,Kurt,Ahrens,1940-04-19,German,"http://en.wikipedia.org/wiki/Kurt_Ahrens,_Jr."
442.0,kuhnke,,Kurt,Kuhnke,1910-04-30,German,http://en.wikipedia.org/wiki/Kurt_Kuhnke
241.0,leoni,,Lamberto,Leoni,1953-05-24,Italian,http://en.wikipedia.org/wiki/Lamberto_Leoni
651.0,macklin,,Lance,Macklin,1919-09-02,British,http://en.wikipedia.org/wiki/Lance_Macklin
508.0,reventlow,,Lance,Reventlow,1936-02-24,American,http://en.wikipedia.org/wiki/Lance_Reventlow
840.0,stroll,STR,Lance,Stroll,1998-10-29,Canadian,http://en.wikipedia.org/wiki/Lance_Stroll
846.0,norris,NOR,Lando,Norris,1999-11-13,British,http://en.wikipedia.org/wiki/Lando_Norris
674.0,crockett,,Larry,Crockett,1926-10-23,American,http://en.wikipedia.org/wiki/Larry_Crockett
256.0,perkins,,Larry,Perkins,1950-03-18,Australian,http://en.wikipedia.org/wiki/Larry_Perkins
766.0,wallard,,Lee,Wallard,1910-09-07,American,http://en.wikipedia.org/wiki/Lee_Wallard
275.0,lombardi,,Lella,Lombardi,1941-03-26,Italian,http://en.wikipedia.org/wiki/Lella_Lombardi
678.0,duncan,,Len,Duncan,1911-07-25,American,http://en.wikipedia.org/wiki/Len_Duncan
536.0,sutton,,Len,Sutton,1925-08-09,American,http://en.wikipedia.org/wiki/Len_Sutton
316.0,kinnunen,,Leo,Kinnunen,1943-08-05,Finnish,http://en.wikipedia.org/wiki/Leo_Kinnunen
610.0,leston,,Les,Leston,1920-12-16,British,http://en.wikipedia.org/wiki/Les_Leston
790.0,leslie_johnson,,Leslie,Johnson,1912-03-22,British,http://en.wikipedia.org/wiki/Leslie_Johnson_(racing_driver)
665.0,marr,,Leslie,Marr,1922-08-14,British,http://en.wikipedia.org/wiki/Leslie_Marr
683.0,thorne,,Leslie,Thorne,1916-06-23,British,http://en.wikipedia.org/wiki/Leslie_Thorne
1.0,hamilton,HAM,Lewis,Hamilton,1985-01-07,British,http://en.wikipedia.org/wiki/Lewis_Hamilton
859.0,lawson,LAW,Liam,Lawson,2002-02-11,New Zealander,http://en.wikipedia.org/wiki/Liam_Lawson
494.0,ruby,,Lloyd,Ruby,1928-01-12,American,http://en.wikipedia.org/wiki/Lloyd_Ruby
858.0,sargeant,SAR,Logan,Sargeant,2000-12-31,American,http://en.wikipedia.org/wiki/Logan_Sargeant
385.0,bandini,,Lorenzo,Bandini,1935-12-21,Italian,http://en.wikipedia.org/wiki/Lorenzo_Bandini
271.0,kessel,,Loris,Kessel,1950-04-01,Swiss,http://en.wikipedia.org/wiki/Loris_Kessel
589.0,chiron,,Louis,Chiron,1899-08-03,Monegasque,http://en.wikipedia.org/wiki/Louis_Chiron
627.0,rosier,,Louis,Rosier,1905-11-05,French,http://en.wikipedia.org/wiki/Louis_Rosier
69.0,badoer,BAD,Luca,Badoer,1971-01-25,Italian,http://en.wikipedia.org/wiki/Luca_Badoer
810.0,grassi,DIG,Lucas,di Grassi,1984-08-11,Brazilian,http://en.wikipedia.org/wiki/Lucas_di_Grassi
54.0,burti,,Luciano,Burti,1975-03-05,Brazilian,http://en.wikipedia.org/wiki/Luciano_Burti
376.0,bianchi,BIA,Lucien,Bianchi,1934-11-10,Belgian,http://en.wikipedia.org/wiki/Lucien_Bianchi
375.0,scarfiotti,,Ludovico,Scarfiotti,1933-10-18,Italian,http://en.wikipedia.org/wiki/Ludovico_Scarfiotti
786.0,fagioli,,Luigi,Fagioli,1898-06-09,Italian,http://en.wikipedia.org/wiki/Luigi_Fagioli
577.0,musso,,Luigi,Musso,1924-07-28,Italian,http://en.wikipedia.org/wiki/Luigi_Musso
586.0,piotti,,Luigi,Piotti,1913-10-27,Italian,http://en.wikipedia.org/wiki/Luigi_Piotti
588.0,taramazzo,,Luigi,Taramazzo,1932-05-05,Italian,http://en.wikipedia.org/wiki/Luigi_Taramazzo
633.0,villoresi,,Luigi,Villoresi,1909-05-16,Italian,http://en.wikipedia.org/wiki/Luigi_Villoresi
159.0,sala,,Luis,Pérez-Sala,1959-05-15,Spanish,http://en.wikipedia.org/wiki/Luis_Perez-Sala
331.0,bueno,,Luiz,Bueno,1937-01-16,Brazilian,http://en.wikipedia.org/wiki/Luiz_Bueno
384.0,botha,,Luki,Botha,1930-01-16,South African,http://en.wikipedia.org/wiki/Luki_Botha
772.0,hellings,,Mack,Hellings,1915-09-14,American,http://en.wikipedia.org/wiki/Mack_Hellings
181.0,manfred_winkelhock,,Manfred,Winkelhock,1951-10-06,German,http://en.wikipedia.org/wiki/Manfred_Winkelhock
675.0,ayulo,,Manny,Ayulo,1921-10-20,American,http://en.wikipedia.org/wiki/Manny_Ayulo
48.0,gene,,Marc,Gené,1974-03-29,Spanish,http://en.wikipedia.org/wiki/Marc_Gen%C3%A9
176.0,surer,,Marc,Surer,1951-09-18,Swiss,http://en.wikipedia.org/wiki/Marc_Surer
754.0,balsa,,Marcel,Balsa,1909-01-01,French,http://en.wikipedia.org/wiki/Marcel_Balsa
124.0,apicella,,Marco,Apicella,1965-10-07,Italian,http://en.wikipedia.org/wiki/Marco_Apicella
828.0,ericsson,ERI,Marcus,Ericsson,1990-09-02,Swedish,http://en.wikipedia.org/wiki/Marcus_Ericsson
551.0,filippis,,Maria,de Filippis,1926-11-11,Italian,http://en.wikipedia.org/wiki/Maria_Teresa_de_Filippis
207.0,mario_andretti,,Mario,Andretti,1940-02-28,American,http://en.wikipedia.org/wiki/Mario_Andretti
87.0,blundell,,Mark,Blundell,1966-04-08,British,http://en.wikipedia.org/wiki/Mark_Blundell
288.0,donohue,,Mark,Donohue,1937-03-18,American,http://en.wikipedia.org/wiki/Mark_Donohue
17.0,webber,WEB,Mark,Webber,1976-08-27,Australian,http://en.wikipedia.org/wiki/Mark_Webber_(racing_driver)
28.0,markus_winkelhock,WIN,Markus,Winkelhock,1980-06-13,German,http://en.wikipedia.org/wiki/Markus_Winkelhock
613.0,teague,,Marshall,Teague,1921-02-22,American,http://en.wikipedia.org/wiki/Marshall_Teague_(racing_driver)
84.0,brundle,,Martin,Brundle,1959-06-01,British,http://en.wikipedia.org/wiki/Martin_Brundle
151.0,donnelly,,Martin,Donnelly,1964-03-26,British,http://en.wikipedia.org/wiki/Martin_Donnelly_(racing_driver)
287.0,hasemi,,Masahiro,Hasemi,1945-11-13,Japanese,http://en.wikipedia.org/wiki/Masahiro_Hasemi
97.0,papis,,Massimiliano,Papis,1969-10-03,Italian,http://en.wikipedia.org/wiki/Massimiliano_Papis
487.0,natili,,Massimo,Natili,1935-07-28,Italian,http://en.wikipedia.org/wiki/Massimo_Natili
418.0,gregory,,Masten,Gregory,1932-02-29,American,http://en.wikipedia.org/wiki/Masten_Gregory
768.0,rose,,Mauri,Rose,1906-05-26,American,http://en.wikipedia.org/wiki/Mauri_Rose
427.0,trintignant,,Maurice,Trintignant,1917-10-30,French,http://en.wikipedia.org/wiki/Maurice_Trintignant
184.0,baldi,,Mauro,Baldi,1954-01-31,Italian,http://en.wikipedia.org/wiki/Mauro_Baldi
127.0,gugelmin,,Maurício,Gugelmin,1963-04-20,Brazilian,http://en.wikipedia.org/wiki/Maur%C3%ADcio_Gugelmin
820.0,chilton,CHI,Max,Chilton,1991-04-21,British,http://en.wikipedia.org/wiki/Max_Chilton
349.0,jean,,Max,Jean,1943-07-27,French,http://en.wikipedia.org/wiki/Max_Jean
830.0,max_verstappen,VER,Max,Verstappen,1997-09-30,Dutch,http://en.wikipedia.org/wiki/Max_Verstappen
720.0,terra,,Max,de Terra,1918-10-06,Swiss,http://en.wikipedia.org/wiki/Max_de_Terra
492.0,boffa,,Menato,Boffa,1930-01-04,Italian,http://en.wikipedia.org/wiki/Menato_Boffa
121.0,andretti,,Michael,Andretti,1962-10-05,American,http://en.wikipedia.org/wiki/Michael_Andretti
143.0,bartels,,Michael,Bartels,1968-03-08,German,http://en.wikipedia.org/wiki/Michael_Bartels
247.0,bleekemolen,,Michael,Bleekemolen,1949-10-02,Dutch,http://en.wikipedia.org/wiki/Michael_Bleekemolen
480.0,may,,Michael,May,1934-08-18,Swiss,http://en.wikipedia.org/wiki/Michael_May_(racing_driver)
30.0,michael_schumacher,MSC,Michael,Schumacher,1969-01-03,German,http://en.wikipedia.org/wiki/Michael_Schumacher
277.0,leclere,,Michel,Leclère,1946-03-18,French,http://en.wikipedia.org/wiki/Michel_Lecl%C3%A8re
105.0,alboreto,,Michele,Alboreto,1956-12-23,Italian,http://en.wikipedia.org/wiki/Michele_Alboreto
854.0,mick_schumacher,MSC,Mick,Schumacher,1999-03-22,German,http://en.wikipedia.org/wiki/Mick_Schumacher
215.0,guerra,,Miguel Ángel,Guerra,1953-08-31,Argentine,http://en.wikipedia.org/wiki/Miguel_Angel_Guerra
57.0,hakkinen,,Mika,Häkkinen,1968-09-28,Finnish,http://en.wikipedia.org/wiki/Mika_H%C3%A4kkinen
63.0,salo,,Mika,Salo,1966-11-30,Finnish,http://en.wikipedia.org/wiki/Mika_Salo
329.0,beuttler,,Mike,Beuttler,1940-04-13,British,http://en.wikipedia.org/wiki/Mike_Beuttler
392.0,fisher,,Mike,Fisher,1943-03-13,American,http://en.wikipedia.org/wiki/Mike_Fisher_(driver)
305.0,hailwood,,Mike,Hailwood,1940-04-02,British,http://en.wikipedia.org/wiki/Mike_Hailwood
472.0,harris,,Mike,Harris,1939-05-25,South African,http://en.wikipedia.org/wiki/Mike_Harris_(race_car_driver)
578.0,hawthorn,,Mike,Hawthorn,1929-04-10,British,http://en.wikipedia.org/wiki/Mike_Hawthorn
617.0,macdowel,,Mike,MacDowel,1932-09-13,British,http://en.wikipedia.org/wiki/Mike_MacDowel
565.0,magill,,Mike,Magill,1920-02-08,American,http://en.wikipedia.org/wiki/Mike_Magill
673.0,nazaruk,,Mike,Nazaruk,1921-10-02,American,http://en.wikipedia.org/wiki/Mike_Nazaruk
387.0,parkes,,Mike,Parkes,1931-09-24,British,http://en.wikipedia.org/wiki/Mike_Parkes
662.0,sparken,,Mike,Sparken,1930-06-16,French,http://en.wikipedia.org/wiki/Mike_Sparken
374.0,spence,,Mike,Spence,1936-12-30,British,http://en.wikipedia.org/wiki/Mike_Spence
540.0,mike_taylor,,Mike,Taylor,1934-04-24,British,http://en.wikipedia.org/wiki/Mike_Taylor_(driver)
191.0,thackwell,,Mike,Thackwell,1961-03-30,New Zealander,http://en.wikipedia.org/wiki/Mike_Thackwell
283.0,wilds,,Mike,Wilds,1946-01-07,British,http://en.wikipedia.org/wiki/Mike_Wilds
263.0,kozarowitzky,,Mikko,Kozarowitzky,1948-05-17,Finnish,http://en.wikipedia.org/wiki/Mikko_Kozarowitzky
382.0,solana,,Moisés,Solana,1935-12-26,Mexican,http://en.wikipedia.org/wiki/Mois%C3%A9s_Solana
795.0,fohr,,Myron,Fohr,1912-06-17,American,http://en.wikipedia.org/wiki/Myron_Fohr
432.0,cabral,,Mário de Araújo,Cabral,1934-01-15,Portuguese,http://en.wikipedia.org/wiki/Mario_de_Araujo_Cabral
330.0,galli,,Nanni,Galli,1940-10-02,Italian,http://en.wikipedia.org/wiki/Nanni_Galli
144.0,hattori,,Naoki,Hattori,1966-06-13,Japanese,http://en.wikipedia.org/wiki/Naoki_Hattori
39.0,karthikeyan,KAR,Narain,Karthikeyan,1977-01-14,Indian,http://en.wikipedia.org/wiki/Narain_Karthikeyan
439.0,estefano,,Nasif,Estéfano,1932-11-18,Argentine,http://en.wikipedia.org/wiki/Nasif_Est%C3%A9fano
800.0,pagani,,Nello,Pagani,1911-10-11,Italian,http://en.wikipedia.org/wiki/Nello_Pagani
137.0,piquet,,Nelson,Piquet,1952-08-17,Brazilian,http://en.wikipedia.org/wiki/Nelson_Piquet
12.0,piquet_jr,PIQ,Nelson,Piquet Jr.,1985-07-25,Brazilian,"http://en.wikipedia.org/wiki/Nelson_Piquet,_Jr."
410.0,lederle,,Neville,Lederle,1938-09-25,South African,http://en.wikipedia.org/wiki/Neville_Lederle
849.0,latifi,LAT,Nicholas,Latifi,1995-06-29,Canadian,http://en.wikipedia.org/wiki/Nicholas_Latifi
2.0,heidfeld,HEI,Nick,Heidfeld,1977-05-10,German,http://en.wikipedia.org/wiki/Nick_Heidfeld
807.0,hulkenberg,HUL,Nico,Hülkenberg,1987-08-19,German,http://en.wikipedia.org/wiki/Nico_H%C3%BClkenberg
3.0,rosberg,ROS,Nico,Rosberg,1985-06-27,German,http://en.wikipedia.org/wiki/Nico_Rosberg
78.0,larini,,Nicola,Larini,1964-03-19,Italian,http://en.wikipedia.org/wiki/Nicola_Larini
53.0,kiesa,,Nicolas,Kiesa,1978-03-03,Danish,http://en.wikipedia.org/wiki/Nicolas_Kiesa
95.0,mansell,,Nigel,Mansell,1953-08-08,British,http://en.wikipedia.org/wiki/Nigel_Mansell
182.0,lauda,,Niki,Lauda,1949-02-22,Austrian,http://en.wikipedia.org/wiki/Niki_Lauda
853.0,mazepin,MAZ,Nikita,Mazepin,1999-03-02,Russian,http://en.wikipedia.org/wiki/Nikita_Mazepin
642.0,farina,,Nino,Farina,1906-10-30,Italian,http://en.wikipedia.org/wiki/Nino_Farina
425.0,vaccarella,,Nino,Vaccarella,1933-03-04,Italian,http://en.wikipedia.org/wiki/Nino_Vaccarella
82.0,fontana,,Norberto,Fontana,1975-01-20,Argentine,http://en.wikipedia.org/wiki/Norberto_Fontana
274.0,takahara,,Noritake,Takahara,1951-06-06,Japanese,http://en.wikipedia.org/wiki/Noritake_Takahara
856.0,de_vries,DEV,Nyck,de Vries,1995-02-06,Dutch,http://en.wikipedia.org/wiki/Nyck_de_Vries
860.0,bearman,BEA,Oliver,Bearman,2005-05-08,British,http://en.wikipedia.org/wiki/Oliver_Bearman
106.0,beretta,,Olivier,Beretta,1969-11-23,Monegasque,http://en.wikipedia.org/wiki/Olivier_Beretta
482.0,gendebien,,Olivier,Gendebien,1924-01-12,Belgian,http://en.wikipedia.org/wiki/Olivier_Gendebien
129.0,grouillard,,Olivier,Grouillard,1958-09-02,French,http://en.wikipedia.org/wiki/Olivier_Grouillard
44.0,panis,,Olivier,Panis,1966-09-02,French,http://en.wikipedia.org/wiki/Olivier_Panis
670.0,marimon,,Onofre,Marimón,1923-12-19,Argentine,http://en.wikipedia.org/wiki/Onofre_Marim%C3%B3n
695.0,galvez,,Oscar,Gálvez,1913-08-17,Argentine,http://en.wikipedia.org/wiki/%C3%93scar_Alfredo_G%C3%A1lvez
165.0,larrauri,,Oscar,Larrauri,1954-08-19,Argentine,http://en.wikipedia.org/wiki/Oscar_Larrauri
857.0,piastri,PIA,Oscar,Piastri,2001-04-06,Australian,http://en.wikipedia.org/wiki/Oscar_Piastri
711.0,karch,,Oswald,Karch,1917-03-06,German,http://en.wikipedia.org/wiki/Oswald_Karch
285.0,stuppacher,,Otto,Stuppacher,1947-03-03,Austrian,http://en.wikipedia.org/wiki/Otto_Stuppacher
638.0,volonterio,,Ottorino,Volonterio,1917-12-07,Swiss,http://en.wikipedia.org/wiki/Ottorino_Volonterio
649.0,birger,,Pablo,Birger,1924-01-07,Argentine,http://en.wikipedia.org/wiki/Pablo_Birger
580.0,godia,,Paco,Godia,1921-03-21,Spanish,http://en.wikipedia.org/wiki/Paco_Godia
310.0,driver,,Paddy,Driver,1934-05-13,South African,http://en.wikipedia.org/wiki/Paddy_Driver
147.0,barilla,,Paolo,Barilla,1961-04-20,Italian,http://en.wikipedia.org/wiki/Paolo_Barilla
169.0,fabre,,Pascal,Fabre,1960-01-09,French,http://en.wikipedia.org/wiki/Pascal_Fabre
836.0,wehrlein,WEH,Pascal,Wehrlein,1994-10-18,German,http://en.wikipedia.org/wiki/Pascal_Wehrlein
813.0,maldonado,MAL,Pastor,Maldonado,1985-03-09,Venezuelan,http://en.wikipedia.org/wiki/Pastor_Maldonado
559.0,flaherty,,Pat,Flaherty,1926-01-06,American,http://en.wikipedia.org/wiki/Pat_Flaherty_(racing_driver)
597.0,connor,,Pat,O'Connor,1928-10-09,American,http://en.wikipedia.org/wiki/Pat_O%27Connor_(auto_racer)
221.0,depailler,,Patrick,Depailler,1944-08-09,French,http://en.wikipedia.org/wiki/Patrick_Depailler
40.0,friesacher,FRI,Patrick,Friesacher,1980-09-26,Austrian,http://en.wikipedia.org/wiki/Patrick_Friesacher
236.0,gaillard,,Patrick,Gaillard,1952-02-12,French,http://en.wikipedia.org/wiki/Patrick_Gaillard
258.0,neve,,Patrick,Nève,1949-10-13,Belgian,http://en.wikipedia.org/wiki/Patrick_Neve
175.0,tambay,,Patrick,Tambay,1949-06-25,French,http://en.wikipedia.org/wiki/Patrick_Tambay
108.0,belmondo,,Paul,Belmondo,1963-04-23,French,http://en.wikipedia.org/wiki/Paul_Belmondo
585.0,emery,,Paul,Emery,1916-11-12,British,http://en.wikipedia.org/wiki/Paul_Emery
621.0,england,,Paul,England,1929-03-28,Australian,http://en.wikipedia.org/wiki/Paul_England
632.0,frere,,Paul,Frère,1917-01-30,Belgian,http://en.wikipedia.org/wiki/Paul_Fr%C3%A8re
510.0,goldsmith,,Paul,Goldsmith,1925-10-02,American,http://en.wikipedia.org/wiki/Paul_Goldsmith
406.0,hawkins,,Paul,Hawkins,1937-10-12,Australian,http://en.wikipedia.org/wiki/Paul_Hawkins_(racing_driver)
756.0,pietsch,,Paul,Pietsch,1911-06-20,German,http://en.wikipedia.org/wiki/Paul_Pietsch
555.0,paul_russo,,Paul,Russo,1914-04-10,American,http://en.wikipedia.org/wiki/Paul_Russo
814.0,resta,DIR,Paul,di Resta,1986-04-16,British,http://en.wikipedia.org/wiki/Paul_di_Resta
142.0,chaves,,Pedro,Chaves,1965-02-27,Portuguese,http://en.wikipedia.org/wiki/Pedro_Chaves
64.0,diniz,,Pedro,Diniz,1970-05-22,Brazilian,http://en.wikipedia.org/wiki/Pedro_Diniz
83.0,lamy,,Pedro,Lamy,1972-03-20,Portuguese,http://en.wikipedia.org/wiki/Pedro_Lamy
345.0,rodriguez,,Pedro,Rodríguez,1940-01-18,Mexican,http://en.wikipedia.org/wiki/Pedro_Rodr%C3%ADguez_(racing_driver)
37.0,rosa,DLR,Pedro,de la Rosa,1971-02-24,Spanish,http://en.wikipedia.org/wiki/Pedro_de_la_Rosa
135.0,mccarthy,,Perry,McCarthy,1961-03-03,British,http://en.wikipedia.org/wiki/Perry_McCarthy
353.0,lovely,,Pete,Lovely,1926-04-11,American,http://en.wikipedia.org/wiki/Pete_Lovely
397.0,arundell,,Peter,Arundell,1933-11-08,British,http://en.wikipedia.org/wiki/Peter_Arundell
569.0,ashdown,,Peter,Ashdown,1934-10-16,British,http://en.wikipedia.org/wiki/Peter_Ashdown
448.0,broeker,,Peter,Broeker,1926-05-15,Canadian,http://en.wikipedia.org/wiki/Peter_Broeker
581.0,collins,,Peter,Collins,1931-11-06,British,http://en.wikipedia.org/wiki/Peter_Collins_(racing_driver)
320.0,gethin,,Peter,Gethin,1940-02-21,British,http://en.wikipedia.org/wiki/Peter_Gethin
721.0,hirt,,Peter,Hirt,1910-03-30,Swiss,http://en.wikipedia.org/wiki/Peter_Hirt
488.0,monteverdi,,Peter,Monteverdi,1934-06-07,Swiss,http://en.wikipedia.org/wiki/Peter_Monteverdi
309.0,revson,,Peter,Revson,1939-02-27,American,http://en.wikipedia.org/wiki/Peter_Revson
493.0,ryan,,Peter,Ryan,1940-06-10,Canadian,http://en.wikipedia.org/wiki/Peter_Ryan_(driver)
661.0,peter_walker,,Peter,Walker,1912-10-07,British,http://en.wikipedia.org/wiki/Peter_Walker_(driver)
367.0,westbury,,Peter,Westbury,1938-05-26,British,http://en.wikipedia.org/wiki/Peter_Westbury
687.0,whitehead,,Peter,Whitehead,1914-11-12,British,http://en.wikipedia.org/wiki/Peter_Whitehead_(racing_driver)
362.0,klerk,,Peter,de Klerk,1935-03-16,South African,http://en.wikipedia.org/wiki/Peter_de_Klerk
576.0,cade,,Phil,Cade,1916-06-12,American,http://en.wikipedia.org/wiki/Phil_Cade
403.0,phil_hill,,Phil,Hill,1927-04-20,American,http://en.wikipedia.org/wiki/Phil_Hill
777.0,parker,,Philip,Fotheringham-Parker,1907-09-22,British,http://en.wikipedia.org/wiki/Philip_Fotheringham-Parker
113.0,adams,,Philippe,Adams,1969-11-19,Belgian,http://en.wikipedia.org/wiki/Philippe_Adams
112.0,alliot,,Philippe,Alliot,1954-07-27,French,http://en.wikipedia.org/wiki/Philippe_Alliot
166.0,streiff,,Philippe,Streiff,1955-06-26,French,http://en.wikipedia.org/wiki/Philippe_Streiff
741.0,etancelin,,Philippe,Étancelin,1896-12-28,French,http://en.wikipedia.org/wiki/Philippe_%C3%89tancelin
160.0,ghinzani,,Piercarlo,Ghinzani,1952-01-16,Italian,http://en.wikipedia.org/wiki/Piercarlo_Ghinzani
94.0,martini,,Pierluigi,Martini,1961-04-23,Italian,http://en.wikipedia.org/wiki/Pierluigi_Martini
722.0,carini,,Piero,Carini,1921-03-06,Italian,http://en.wikipedia.org/wiki/Piero_Carini
544.0,drogo,,Piero,Drogo,1926-08-08,Italian,http://en.wikipedia.org/wiki/Piero_Drogo
760.0,dusio,,Piero,Dusio,1899-10-13,Italian,http://en.wikipedia.org/wiki/Piero_Dusio
634.0,scotti,,Piero,Scotti,1909-11-11,Italian,http://en.wikipedia.org/wiki/Piero_Scotti
641.0,taruffi,,Piero,Taruffi,1906-10-12,Italian,http://en.wikipedia.org/wiki/Piero_Taruffi
842.0,gasly,GAS,Pierre,Gasly,1996-02-07,French,http://en.wikipedia.org/wiki/Pierre_Gasly
773.0,levegh,,Pierre,Levegh,1905-12-22,French,http://en.wikipedia.org/wiki/Pierre_Levegh
162.0,raphanel,,Pierre-Henri,Raphanel,1961-05-27,French,http://en.wikipedia.org/wiki/Pierre-Henri_Raphanel
361.0,courage,,Piers,Courage,1942-05-27,British,http://en.wikipedia.org/wiki/Piers_Courage
850.0,pietro_fittipaldi,FIT,Pietro,Fittipaldi,1996-06-25,Brazilian,http://en.wikipedia.org/wiki/Pietro_Fittipaldi
669.0,bira,,Prince,Bira,1914-07-15,Thai,http://en.wikipedia.org/wiki/Prince_Bira
23.0,ralf_schumacher,SCH,Ralf,Schumacher,1975-06-30,German,http://en.wikipedia.org/wiki/Ralf_Schumacher
52.0,firman,,Ralph,Firman,1975-05-20,Irish,http://en.wikipedia.org/wiki/Ralph_Firman
196.0,boesel,,Raul,Boesel,1957-12-04,Brazilian,http://en.wikipedia.org/wiki/Raul_Boesel
561.0,ray_crawford,,Ray,Crawford,1915-10-26,American,http://en.wikipedia.org/wiki/Ray_Crawford
415.0,reed,,Ray,Reed,1932-04-30,South African,http://en.wikipedia.org/wiki/Ray_Reed
793.0,sommer,,Raymond,Sommer,1906-08-31,French,http://en.wikipedia.org/wiki/Raymond_Sommer
517.0,amick,,Red,Amick,1929-01-19,American,http://en.wikipedia.org/wiki/Red_Amick
686.0,reg_parnell,,Reg,Parnell,1911-07-02,British,http://en.wikipedia.org/wiki/Reg_Parnell
317.0,wisell,,Reine,Wisell,1941-09-30,Swedish,http://en.wikipedia.org/wiki/Reine_Wisell
489.0,pirocchi,,Renato,Pirocchi,1933-03-26,Italian,http://en.wikipedia.org/wiki/Renato_Pirocchi
254.0,zorzi,,Renzo,Zorzi,1946-12-12,Italian,http://en.wikipedia.org/wiki/Renzo_Zorzi
163.0,arnoux,,René,Arnoux,1948-07-04,French,http://en.wikipedia.org/wiki/Ren%C3%A9_Arnoux
218.0,londono,,Ricardo,Londoño,1949-08-08,Colombian,http://en.wikipedia.org/wiki/Ricardo_Londo%C3%B1o
454.0,ricardo_rodriguez,,Ricardo,Rodríguez,1942-02-14,Mexican,http://en.wikipedia.org/wiki/Ricardo_Rodr%C3%ADguez_(Formula_One)
73.0,rosset,,Ricardo,Rosset,1968-07-27,Brazilian,http://en.wikipedia.org/wiki/Ricardo_Rosset
41.0,zonta,ZON,Ricardo,Zonta,1976-03-23,Brazilian,http://en.wikipedia.org/wiki/Ricardo_Zonta
217.0,zunino,,Ricardo,Zunino,1949-04-13,Argentine,http://en.wikipedia.org/wiki/Ricardo_Zunino
204.0,paletti,,Riccardo,Paletti,1958-06-15,Italian,http://en.wikipedia.org/wiki/Riccardo_Paletti
119.0,patrese,,Riccardo,Patrese,1954-04-17,Italian,http://en.wikipedia.org/wiki/Riccardo_Patrese
370.0,attwood,,Richard,Attwood,1940-04-04,British,http://en.wikipedia.org/wiki/Richard_Attwood
308.0,robarts,,Richard,Robarts,1944-09-22,British,http://en.wikipedia.org/wiki/Richard_Robarts
386.0,ginther,,Richie,Ginther,1930-08-05,American,http://en.wikipedia.org/wiki/Richie_Ginther
313.0,opel,,Rikky,von Opel,1947-10-14,Liechtensteiner,http://en.wikipedia.org/wiki/Rikky_von_Opel
837.0,haryanto,HAR,Rio,Haryanto,1993-01-22,Indonesian,http://en.wikipedia.org/wiki/Rio_Haryanto
469.0,schroeder,,Rob,Schroeder,1926-05-11,British,http://en.wikipedia.org/wiki/Rob_Schroeder
458.0,slotemaker,,Rob,Slotemaker,1929-06-13,Dutch,http://en.wikipedia.org/wiki/Rob_Slotemaker
38.0,doornbos,DOO,Robert,Doornbos,1981-09-23,Dutch,http://en.wikipedia.org/wiki/Robert_Doornbos
9.0,kubica,KUB,Robert,Kubica,1984-12-07,Polish,http://en.wikipedia.org/wiki/Robert_Kubica
602.0,la_caze,,Robert,La Caze,1917-02-26,French,http://en.wikipedia.org/wiki/Robert_La_Caze
626.0,manzon,,Robert,Manzon,1917-04-12,French,http://en.wikipedia.org/wiki/Robert_Manzon
737.0,obrien,,Robert,O'Brien,1908-04-11,American,http://en.wikipedia.org/wiki/Robert_O%27Brien_(auto_racer)
499.0,bonomi,,Roberto,Bonomi,1919-09-30,Argentine,http://en.wikipedia.org/wiki/Roberto_Bonomi
424.0,bussinello,,Roberto,Bussinello,1927-10-04,Italian,http://en.wikipedia.org/wiki/Roberto_Bussinello
195.0,guerrero,,Roberto,Guerrero,1958-11-16,Colombian,http://en.wikipedia.org/wiki/Roberto_Guerrero
444.0,lippi,,Roberto,Lippi,1926-10-17,Italian,http://en.wikipedia.org/wiki/Roberto_Lippi
833.0,merhi,MER,Roberto,Merhi,1991-03-22,Spanish,http://en.wikipedia.org/wiki/Roberto_Merhi
643.0,mieres,,Roberto,Mieres,1924-12-03,Argentine,http://en.wikipedia.org/wiki/Roberto_Mieres
90.0,moreno,,Roberto,Moreno,1959-02-11,Brazilian,http://en.wikipedia.org/wiki/Roberto_Moreno
739.0,charrington,,Robin,Montgomerie-Charrington,1915-06-23,British,http://en.wikipedia.org/wiki/Robin_Montgomerie-Charrington
378.0,widdows,,Robin,Widdows,1942-05-27,British,http://en.wikipedia.org/wiki/Robin_Widdows
449.0,ward,,Rodger,Ward,1921-01-10,American,http://en.wikipedia.org/wiki/Rodger_Ward
690.0,nuckey,,Rodney,Nuckey,1929-06-26,British,http://en.wikipedia.org/wiki/Rodney_Nuckey
295.0,wunderink,,Roelof,Wunderink,1948-12-12,Dutch,http://en.wikipedia.org/wiki/Roelof_Wunderink
736.0,laurent,,Roger,Laurent,1913-02-21,Belgian,http://en.wikipedia.org/wiki/Roger_Laurent
671.0,loyer,,Roger,Loyer,1907-08-05,French,http://en.wikipedia.org/wiki/Roger_Loyer
468.0,penske,,Roger,Penske,1937-02-20,American,http://en.wikipedia.org/wiki/Roger_Penske
335.0,williamson,,Roger,Williamson,1948-02-02,British,http://en.wikipedia.org/wiki/Roger_Williamson
107.0,ratzenberger,,Roland,Ratzenberger,1960-07-04,Austrian,http://en.wikipedia.org/wiki/Roland_Ratzenberger
243.0,stommelen,,Rolf,Stommelen,1943-07-11,German,http://en.wikipedia.org/wiki/Rolf_Stommelen
154.0,grosjean,GRO,Romain,Grosjean,1986-04-17,French,http://en.wikipedia.org/wiki/Romain_Grosjean
541.0,flockhart,,Ron,Flockhart,1923-06-16,British,http://en.wikipedia.org/wiki/Ron_Flockhart_(auto_racing)
405.0,bucknum,,Ronnie,Bucknum,1936-04-05,American,http://en.wikipedia.org/wiki/Ronnie_Bucknum
238.0,peterson,,Ronnie,Peterson,1944-02-14,Swedish,http://en.wikipedia.org/wiki/Ronnie_Peterson
456.0,salvadori,,Roy,Salvadori,1922-05-12,British,http://en.wikipedia.org/wiki/Roy_Salvadori
22.0,barrichello,BAR,Rubens,Barrichello,1972-05-23,Brazilian,http://en.wikipedia.org/wiki/Rubens_Barrichello
723.0,fischer,,Rudi,Fischer,1912-04-19,Swiss,http://en.wikipedia.org/wiki/Rudi_Fischer
710.0,krause,,Rudolf,Krause,1907-03-30,East German,http://en.wikipedia.org/wiki/Rudolf_Krause
755.0,schoeller,,Rudolf,Schoeller,1902-04-27,Swiss,http://en.wikipedia.org/wiki/Rudolf_Schoeller
211.0,keegan,,Rupert,Keegan,1955-02-26,British,http://en.wikipedia.org/wiki/Rupert_Keegan
29.0,yamamoto,YAM,Sakon,Yamamoto,1982-07-09,Japanese,http://en.wikipedia.org/wiki/Sakon_Yamamoto
611.0,hanks,,Sam,Hanks,1914-07-13,American,http://en.wikipedia.org/wiki/Sam_Hanks
344.0,posey,,Sam,Posey,1944-05-26,American,http://en.wikipedia.org/wiki/Sam_Posey
368.0,tingle,,Sam,Tingle,1921-08-24,Rhodesian,http://en.wikipedia.org/wiki/Sam_Tingle
138.0,satoru_nakajima,,Satoru,Nakajima,1953-02-23,Japanese,http://en.wikipedia.org/wiki/Satoru_Nakajima
26.0,speed,SPE,Scott,Speed,1983-01-24,American,http://en.wikipedia.org/wiki/Scott_Speed
20.0,vettel,VET,Sebastian,Vettel,1987-07-03,German,http://en.wikipedia.org/wiki/Sebastian_Vettel
845.0,sirotkin,SIR,Sergey,Sirotkin,1995-08-27,Russian,http://en.wikipedia.org/wiki/Sergey_Sirotkin_(racing_driver)
644.0,mantovani,,Sergio,Mantovani,1929-05-22,Italian,http://en.wikipedia.org/wiki/Sergio_Mantovani
815.0,perez,PER,Sergio,Pérez,1990-01-26,Mexican,http://en.wikipedia.org/wiki/Sergio_P%C3%A9rez
75.0,nakano,,Shinji,Nakano,1971-04-01,Japanese,http://en.wikipedia.org/wiki/Shinji_Nakano
523.0,templeman,,Shorty,Templeman,1919-08-12,American,http://en.wikipedia.org/wiki/Shorty_Templeman
216.0,stohr,,Siegfried,Stohr,1952-10-10,Italian,http://en.wikipedia.org/wiki/Siegfried_Stohr
351.0,moser,,Silvio,Moser,1941-04-24,Swiss,http://en.wikipedia.org/wiki/Silvio_Moser
342.0,barber,,Skip,Barber,1936-11-16,American,http://en.wikipedia.org/wiki/Skip_Barber
201.0,borgudd,,Slim,Borgudd,1946-11-25,Swedish,http://en.wikipedia.org/wiki/Slim_Borgudd
185.0,bellof,,Stefan,Bellof,1957-11-20,German,http://en.wikipedia.org/wiki/Stefan_Bellof
140.0,johansson,,Stefan,Johansson,1956-09-08,Swedish,http://en.wikipedia.org/wiki/Stefan_Johansson
131.0,modena,,Stefano,Modena,1963-05-12,Italian,http://en.wikipedia.org/wiki/Stefano_Modena
226.0,south,,Stephen,South,1952-02-19,British,http://en.wikipedia.org/wiki/Stephen_South
475.0,moss,,Stirling,Moss,1929-09-17,British,http://en.wikipedia.org/wiki/Stirling_Moss
838.0,vandoorne,VAN,Stoffel,Vandoorne,1992-03-26,Belgian,http://en.wikipedia.org/wiki/Stoffel_Vandoorne
590.0,lewis-evans,,Stuart,Lewis-Evans,1930-04-20,British,http://en.wikipedia.org/wiki/Stuart_Lewis-Evans
72.0,sarrazin,,Stéphane,Sarrazin,1975-11-02,French,http://en.wikipedia.org/wiki/St%C3%A9phane_Sarrazin
474.0,vyver,,Syd,van der Vyver,1920-06-01,South African,http://en.wikipedia.org/wiki/Syd_van_der_Vyver
7.0,bourdais,BOU,Sébastien,Bourdais,1979-02-28,French,http://en.wikipedia.org/wiki/S%C3%A9bastien_Bourdais
67.0,buemi,BUE,Sébastien,Buemi,1988-10-31,Swiss,http://en.wikipedia.org/wiki/S%C3%A9bastien_Buemi
89.0,inoue,,Taki,Inoue,1963-09-05,Japanese,http://en.wikipedia.org/wiki/Taki_Inoue
11.0,sato,SAT,Takuma,Sato,1977-01-28,Japanese,http://en.wikipedia.org/wiki/Takuma_Sato
58.0,marques,,Tarso,Marques,1976-01-19,Brazilian,http://en.wikipedia.org/wiki/Tarso_Marques
652.0,whiteaway,,Ted,Whiteaway,1928-11-01,British,http://en.wikipedia.org/wiki/Ted_Whiteaway
269.0,pilette,,Teddy,Pilette,1942-07-26,Belgian,http://en.wikipedia.org/wiki/Teddy_Pilette
170.0,fabi,,Teo,Fabi,1955-03-09,Italian,http://en.wikipedia.org/wiki/Teo_Fabi
713.0,fitzau,,Theo,Fitzau,1923-02-10,East German,http://en.wikipedia.org/wiki/Theo_Fitzau
692.0,helfrich,,Theo,Helfrich,1913-05-13,German,http://en.wikipedia.org/wiki/Theo_Helfrich
123.0,boutsen,,Thierry,Boutsen,1957-07-13,Belgian,http://en.wikipedia.org/wiki/Thierry_Boutsen
452.0,monarch,,Thomas,Monarch,1945-09-03,American,http://en.wikipedia.org/wiki/Talk:1963_Mexican_Grand_Prix#Who_was_Thomas_Monarch.3F
33.0,monteiro,TMO,Tiago,Monteiro,1976-07-24,Portuguese,http://en.wikipedia.org/wiki/Tiago_Monteiro
227.0,needell,,Tiff,Needell,1951-10-29,British,http://en.wikipedia.org/wiki/Tiff_Needell
441.0,parnell,,Tim,Parnell,1932-06-25,British,http://en.wikipedia.org/wiki/Tim_Parnell
314.0,schenken,,Tim,Schenken,1943-09-26,Australian,http://en.wikipedia.org/wiki/Tim_Schenken
470.0,mayer,,Timmy,Mayer,1938-02-22,American,http://en.wikipedia.org/wiki/Timmy_Mayer
10.0,glock,GLO,Timo,Glock,1982-03-18,German,http://en.wikipedia.org/wiki/Timo_Glock
311.0,belso,,Tom,Belsø,1942-08-27,Danish,http://en.wikipedia.org/wiki/Tom_Bels%C3%B8
605.0,bridger,,Tom,Bridger,1934-06-24,British,http://en.wikipedia.org/wiki/Tom_Bridger
393.0,tom_jones,,Tom,Jones,1943-04-26,American,http://en.wikipedia.org/wiki/Tom_Jones_(auto_racer)
252.0,pryce,,Tom,Pryce,1949-06-11,British,http://en.wikipedia.org/wiki/Tom_Pryce
210.0,byrne,,Tommy,Byrne,1958-05-06,Irish,http://en.wikipedia.org/wiki/Tommy_Byrne_%28racing_driver%29
61.0,enge,,Tomáš,Enge,1976-09-11,Czech,http://en.wikipedia.org/wiki/Tom%C3%A1%C5%A1_Enge
780.0,branca,,Toni,Branca,1916-09-15,Swiss,http://en.wikipedia.org/wiki/Toni_Branca
724.0,ulmen,,Toni,Ulmen,1906-01-25,German,http://en.wikipedia.org/wiki/Toni_Ulmen
529.0,bettenhausen,,Tony,Bettenhausen,1916-09-12,American,http://en.wikipedia.org/wiki/Tony_Bettenhausen
294.0,brise,,Tony,Brise,1952-03-28,British,http://en.wikipedia.org/wiki/Tony_Brise
479.0,brooks,,Tony,Brooks,1932-02-25,British,http://en.wikipedia.org/wiki/Tony_Brooks
705.0,crook,,Tony,Crook,1920-02-16,British,http://en.wikipedia.org/wiki/Tony_Crook
738.0,gaze,,Tony,Gaze,1920-02-03,Australian,http://en.wikipedia.org/wiki/Tony_Gaze
408.0,maggs,,Tony,Maggs,1937-02-09,South African,http://en.wikipedia.org/wiki/Tony_Maggs
459.0,marsh,,Tony,Marsh,1931-07-20,British,http://en.wikipedia.org/wiki/Tony_Marsh_(racing_driver)
666.0,rolt,,Tony,Rolt,1918-10-16,British,http://en.wikipedia.org/wiki/Tony_Rolt
438.0,settember,,Tony,Settember,1926-07-10,American,http://en.wikipedia.org/wiki/Tony_Settember
464.0,shelly,,Tony,Shelly,1937-02-02,New Zealander,http://en.wikipedia.org/wiki/Tony_Shelly
245.0,trimmer,,Tony,Trimmer,1943-01-24,British,http://en.wikipedia.org/wiki/Tony_Trimmer
68.0,takagi,,Toranosuke,Takagi,1974-02-12,Japanese,http://en.wikipedia.org/wiki/Toranosuke_Takagi
297.0,palm,,Torsten,Palm,1947-07-23,Swedish,http://en.wikipedia.org/wiki/Torsten_Palm
126.0,toshio_suzuki,,Toshio,Suzuki,1955-03-10,Japanese,http://en.wikipedia.org/wiki/Toshio_Suzuki_(driver)
640.0,graffenried,,Toulo,de Graffenried,1914-05-18,Swiss,http://en.wikipedia.org/wiki/Toulo_de_Graffenried
677.0,webb,,Travis,Webb,1910-10-08,American,http://en.wikipedia.org/wiki/Travis_Webb
409.0,blokdyk,,Trevor,Blokdyk,1935-11-30,South African,http://en.wikipedia.org/wiki/Trevor_Blokdyk
401.0,trevor_taylor,,Trevor,Taylor,1936-12-26,British,http://en.wikipedia.org/wiki/Trevor_Taylor
526.0,ruttman,,Troy,Ruttman,1930-03-11,American,http://en.wikipedia.org/wiki/Troy_Ruttman
79.0,katayama,,Ukyo,Katayama,1963-05-29,Japanese,http://en.wikipedia.org/wiki/Ukyo_Katayama
620.0,maglioli,,Umberto,Maglioli,1928-06-05,Italian,http://en.wikipedia.org/wiki/Umberto_Maglioli
822.0,bottas,BOT,Valtteri,Bottas,1989-08-28,Finnish,http://en.wikipedia.org/wiki/Valtteri_Bottas
267.0,schuppan,,Vern,Schuppan,1943-03-19,Australian,http://en.wikipedia.org/wiki/Vern_Schuppan
350.0,elford,,Vic,Elford,1935-06-10,British,http://en.wikipedia.org/wiki/Vic_Elford
398.0,vic_wilson,,Vic,Wilson,1931-04-14,British,http://en.wikipedia.org/wiki/Vic_Wilson_(motor_racing_driver)
80.0,sospiri,,Vincenzo,Sospiri,1966-10-07,Italian,http://en.wikipedia.org/wiki/Vincenzo_Sospiri
808.0,petrov,PET,Vitaly,Petrov,1984-09-08,Russian,http://en.wikipedia.org/wiki/Vitaly_Petrov
24.0,liuzzi,LIU,Vitantonio,Liuzzi,1980-08-06,Italian,http://en.wikipedia.org/wiki/Vitantonio_Liuzzi
230.0,brambilla,,Vittorio,Brambilla,1937-11-11,Italian,http://en.wikipedia.org/wiki/Vittorio_Brambilla
161.0,weidler,,Volker,Weidler,1962-03-18,German,http://en.wikipedia.org/wiki/Volker_Weidler
796.0,ader,,Walt,Ader,1913-12-15,American,http://en.wikipedia.org/wiki/Walt_Ader
771.0,walt_brown,,Walt,Brown,1911-12-30,American,http://en.wikipedia.org/wiki/Walt_Brown_(auto_racer)
654.0,faulkner,,Walt,Faulkner,1920-02-16,American,http://en.wikipedia.org/wiki/Walt_Faulkner
433.0,hansgen,,Walt,Hansgen,1919-10-28,American,http://en.wikipedia.org/wiki/Walt_Hansgen
286.0,brown,,Warwick,Brown,1949-12-24,Australian,http://en.wikipedia.org/wiki/Warwick_Brown
530.0,weiler,,Wayne,Weiler,1934-12-09,American,http://en.wikipedia.org/wiki/Wayne_Weiler
829.0,stevens,STE,Will,Stevens,1991-06-28,British,http://en.wikipedia.org/wiki/Will_Stevens
712.0,heeks,,Willi,Heeks,1922-02-13,German,http://en.wikipedia.org/wiki/Willi_Heeks
435.0,mairesse,,Willy,Mairesse,1928-10-01,Belgian,http://en.wikipedia.org/wiki/Willy_Mairesse
290.0,wilson_fittipaldi,,Wilson,Fittipaldi,1943-12-25,Brazilian,http://en.wikipedia.org/wiki/Wilson_Fittipaldi
455.0,seidel,,Wolfgang,Seidel,1926-07-04,German,http://en.wikipedia.org/wiki/Wolfgang_Seidel
476.0,trips,,Wolfgang,von Trips,1928-05-04,German,http://en.wikipedia.org/wiki/Wolfgang_Graf_Berghe_von_Trips
114.0,dalmas,,Yannick,Dalmas,1961-07-28,French,http://en.wikipedia.org/wiki/Yannick_Dalmas
34.0,ide,IDE,Yuji,Ide,1975-01-21,Japanese,http://en.wikipedia.org/wiki/Yuji_Ide
852.0,tsunoda,TSU,Yuki,Tsunoda,2000-05-11,Japanese,http://en.wikipedia.org/wiki/Yuki_Tsunoda
704.0,cabantous,,Yves,Cabantous,1904-10-08,French,http://en.wikipedia.org/wiki/Yves_Giraud_Cabantous
47.0,baumgartner,,Zsolt,Baumgartner,1981-01-01,Hungarian,http://en.wikipedia.org/wiki/Zsolt_Baumgartner
625.0,bayol,,Élie,Bayol,1914-02-28,French,http://en.wikipedia.org/wiki/%C3%89lie_Bayol
103.0,bernard,,Éric,Bernard,1964-08-24,French,http://en.wikipedia.org/wiki/%C3%89ric_Bernard
100.0,comas,,Érik,Comas,1963-09-28,French,http://en.wikipedia.org/wiki/%C3%89rik_Comas
806.0,oscar_gonzalez,,Óscar,González,1923-11-10,Uruguayan,http://en.wikipedia.org/wiki/%C3%93scar_Gonz%C3%A1lez_(racing_driver)
